chunk_index,label,label_name,start_timestamp,end_timestamp
1,2,Walking,1498121209100,1498121219090
2,2,Walking,1498121219100,1498121229090
3,2,Walking,1498121229100,1498121239090
4,2,Walking,1498121239100,1498121249090
5,2,Walking,1498121249100,1498121259090
6,2,Walking,1498121259100,1498121269090
7,2,Walking,1498121269100,1498121279090
8,2,Walking,1498121279100,1498121289090
9,2,Walking,1498121289100,1498121299090
10,2,Walking,1498121299100,1498121309090
11,2,Walking,1498121309100,1498121319090
12,2,Walking,1498121319100,1498121329090
13,2,Walking,1498121329100,1498121339090
14,2,Walking,1498121339100,1498121349090
15,2,Walking,1498121349100,1498121359090
16,2,Walking,1498121359100,1498121369090
17,2,Walking,1498121369100,1498121379090
18,2,Walking,1498121379100,1498121389090
19,2,Walking,1498121389100,1498121399090
20,2,Walking,1498121399100,1498121409090
21,2,Walking,1498121409100,1498121419090
22,2,Walking,1498121419100,1498121429090
23,2,Walking,1498121429100,1498121439090
24,2,Walking,1498121439100,1498121449090
25,2,Walking,1498121449100,1498121459090
26,2,Walking,1498121459100,1498121469090
27,2,Walking,1498121469100,1498121479090
28,2,Walking,1498121479100,1498121489090
29,2,Walking,1498121489100,1498121499090
30,2,Walking,1498121499100,1498121509090
31,2,Walking,1498121509100,1498121519090
32,2,Walking,1498121519100,1498121529090
33,2,Walking,1498121529100,1498121539090
34,2,Walking,1498121539100,1498121563320
35,1,Still,1498121563330,1498121573320
36,1,Still,1498121573330,1498121583320
37,1,Still,1498121583330,1498121593320
38,1,Still,1498121593330,1498121603320
39,1,Still,1498121603330,1498121613320
40,1,Still,1498121613330,1498121623320
41,1,Still,1498121623330,1498121633320
42,1,Still,1498121633330,1498121643320
43,1,Still,1498121643330,1498121653320
44,1,Still,1498121653330,1498121663320
45,1,Still,1498121663330,1498121673320
46,1,Still,1498121673330,1498121683320
47,1,Still,1498121683330,1498121693320
48,1,Still,1498121693330,1498121703320
49,1,Still,1498121703330,1498121713320
50,1,Still,1498121713330,1498121723320
51,1,Still,1498121723330,1498121733320
52,1,Still,1498121733330,1498121743320
53,1,Still,1498121743330,1498121753320
54,1,Still,1498121753330,1498121763320
55,1,Still,1498121763330,1498121818060
56,6,Bus,1498121818070,1498121828060
57,6,Bus,1498121828070,1498121838060
58,6,Bus,1498121838070,1498121848060
59,6,Bus,1498121848070,1498121858060
60,6,Bus,1498121858070,1498121868060
61,6,Bus,1498121868070,1498121878060
62,6,Bus,1498121878070,1498121888060
63,6,Bus,1498121888070,1498121898060
64,6,Bus,1498121898070,1498121908060
65,6,Bus,1498121908070,1498121918060
66,6,Bus,1498121918070,1498121928060
67,6,Bus,1498121928070,1498121938060
68,6,Bus,1498121938070,1498121948060
69,6,Bus,1498121948070,1498121958060
70,6,Bus,1498121958070,1498121968060
71,6,Bus,1498121968070,1498121978060
72,6,Bus,1498121978070,1498121988060
73,6,Bus,1498121988070,1498121998060
74,6,Bus,1498121998070,1498122008060
75,6,Bus,1498122008070,1498122018060
76,6,Bus,1498122018070,1498122028060
77,6,Bus,1498122028070,1498122038060
78,6,Bus,1498122038070,1498122048060
79,6,Bus,1498122048070,1498122058060
80,6,Bus,1498122058070,1498122068060
81,6,Bus,1498122068070,1498122078060
82,6,Bus,1498122078070,1498122088060
83,6,Bus,1498122088070,1498122098060
84,6,Bus,1498122098070,1498122108060
85,6,Bus,1498122108070,1498122118060
86,6,Bus,1498122118070,1498122128060
87,6,Bus,1498122128070,1498122138060
88,6,Bus,1498122138070,1498122148060
89,6,Bus,1498122148070,1498122158060
90,6,Bus,1498122158070,1498122168060
91,6,Bus,1498122168070,1498122178060
92,6,Bus,1498122178070,1498122188060
93,6,Bus,1498122188070,1498122198060
94,6,Bus,1498122198070,1498122208060
95,6,Bus,1498122208070,1498122218060
96,6,Bus,1498122218070,1498122228060
97,6,Bus,1498122228070,1498122238060
98,6,Bus,1498122238070,1498122248060
99,6,Bus,1498122248070,1498122258060
100,6,Bus,1498122258070,1498122268060
101,6,Bus,1498122268070,1498122278060
102,6,Bus,1498122278070,1498122288060
103,6,Bus,1498122288070,1498122298060
104,6,Bus,1498122298070,1498122308060
105,6,Bus,1498122308070,1498122318060
106,6,Bus,1498122318070,1498122328060
107,6,Bus,1498122328070,1498122338060
108,6,Bus,1498122338070,1498122348060
109,6,Bus,1498122348070,1498122358060
110,6,Bus,1498122358070,1498122368060
111,6,Bus,1498122368070,1498122378060
112,6,Bus,1498122378070,1498122388060
113,6,Bus,1498122388070,1498122398060
114,6,Bus,1498122398070,1498122408060
115,6,Bus,1498122408070,1498122418060
116,6,Bus,1498122418070,1498122428060
117,6,Bus,1498122428070,1498122438060
118,6,Bus,1498122438070,1498122448060
119,6,Bus,1498122448070,1498122458060
120,6,Bus,1498122458070,1498122468060
121,6,Bus,1498122468070,1498122478060
122,6,Bus,1498122478070,1498122488060
123,6,Bus,1498122488070,1498122498060
124,6,Bus,1498122498070,1498122508060
125,6,Bus,1498122508070,1498122518310
126,2,Walking,1498122518320,1498122528310
127,2,Walking,1498122528320,1498122538310
128,2,Walking,1498122538320,1498122548310
129,2,Walking,1498122548320,1498122558310
130,2,Walking,1498122558320,1498122568310
131,2,Walking,1498122568320,1498122578310
132,2,Walking,1498122578320,1498122588310
133,2,Walking,1498122588320,1498122598310
134,2,Walking,1498122598320,1498122608310
135,2,Walking,1498122608320,1498122618310
136,2,Walking,1498122618320,1498122628310
137,2,Walking,1498122628320,1498122638310
138,2,Walking,1498122638320,1498122648310
139,2,Walking,1498122648320,1498122658310
140,2,Walking,1498122658320,1498122668310
141,2,Walking,1498122668320,1498122678310
142,2,Walking,1498122678320,1498122688310
143,2,Walking,1498122688320,1498122698310
144,2,Walking,1498122698320,1498122708310
145,2,Walking,1498122708320,1498122718310
146,2,Walking,1498122718320,1498122728310
147,2,Walking,1498122728320,1498122738310
148,2,Walking,1498122738320,1498122748310
149,2,Walking,1498122748320,1498122758310
150,2,Walking,1498122758320,1498122768310
151,2,Walking,1498122768320,1498122778310
152,2,Walking,1498122778320,1498122788310
153,2,Walking,1498122788320,1498122798310
154,2,Walking,1498122798320,1498122808310
155,2,Walking,1498122808320,1498122818310
156,2,Walking,1498122818320,1498122828310
157,2,Walking,1498122828320,1498122838310
158,2,Walking,1498122838320,1498122848310
159,2,Walking,1498122848320,1498122858310
160,2,Walking,1498122858320,1498122868310
161,2,Walking,1498122868320,1498123358560
162,5,Car,1498123358570,1498123368560
163,5,Car,1498123368570,1498123378560
164,5,Car,1498123378570,1498123388560
165,5,Car,1498123388570,1498123398560
166,5,Car,1498123398570,1498123408560
167,5,Car,1498123408570,1498123418560
168,5,Car,1498123418570,1498123428560
169,5,Car,1498123428570,1498123438560
170,5,Car,1498123438570,1498123448560
171,5,Car,1498123448570,1498123458560
172,5,Car,1498123458570,1498123468560
173,5,Car,1498123468570,1498123478560
174,5,Car,1498123478570,1498123488560
175,5,Car,1498123488570,1498123498560
176,5,Car,1498123498570,1498123508560
177,5,Car,1498123508570,1498123518560
178,5,Car,1498123518570,1498123528560
179,5,Car,1498123528570,1498123538560
180,5,Car,1498123538570,1498123548560
181,5,Car,1498123548570,1498123558560
182,5,Car,1498123558570,1498123568560
183,5,Car,1498123568570,1498123578560
184,5,Car,1498123578570,1498123588560
185,5,Car,1498123588570,1498123598560
186,5,Car,1498123598570,1498123608560
187,5,Car,1498123608570,1498123618560
188,5,Car,1498123618570,1498123628560
189,5,Car,1498123628570,1498123638560
190,5,Car,1498123638570,1498123648560
191,5,Car,1498123648570,1498123658560
192,5,Car,1498123658570,1498123668560
193,5,Car,1498123668570,1498123678560
194,5,Car,1498123678570,1498123688560
195,5,Car,1498123688570,1498123698560
196,5,Car,1498123698570,1498123708560
197,5,Car,1498123708570,1498123718560
198,5,Car,1498123718570,1498123728560
199,5,Car,1498123728570,1498123738560
200,5,Car,1498123738570,1498123748560
201,5,Car,1498123748570,1498123758560
202,5,Car,1498123758570,1498123768560
203,5,Car,1498123768570,1498123778560
204,5,Car,1498123778570,1498123788560
205,5,Car,1498123788570,1498123798560
206,5,Car,1498123798570,1498123808560
207,5,Car,1498123808570,1498123818560
208,5,Car,1498123818570,1498123828560
209,5,Car,1498123828570,1498123838560
210,5,Car,1498123838570,1498123848560
211,5,Car,1498123848570,1498123858560
212,5,Car,1498123858570,1498123868560
213,5,Car,1498123868570,1498123878560
214,5,Car,1498123878570,1498123888560
215,5,Car,1498123888570,1498123898560
216,5,Car,1498123898570,1498123908560
217,5,Car,1498123908570,1498123918560
218,5,Car,1498123918570,1498123928560
219,5,Car,1498123928570,1498123938560
220,5,Car,1498123938570,1498123948560
221,5,Car,1498123948570,1498123958560
223,5,Car,1498123968570,1498123978560
224,5,Car,1498123978570,1498123988560
225,5,Car,1498123988570,1498123998560
226,5,Car,1498123998570,1498124008560
227,5,Car,1498124008570,1498124018560
228,5,Car,1498124018570,1498124028560
229,5,Car,1498124028570,1498124038560
230,5,Car,1498124038570,1498124048560
231,5,Car,1498124048570,1498124058560
232,5,Car,1498124058570,1498124233130
233,5,Car,1498124233140,1498124243130
234,5,Car,1498124243140,1498124253130
235,5,Car,1498124253140,1498124263130
236,5,Car,1498124263140,1498124273130
237,5,Car,1498124273140,1498124283130
238,5,Car,1498124283140,1498124293130
239,5,Car,1498124293140,1498124303130
240,5,Car,1498124303140,1498124313130
241,5,Car,1498124313140,1498124323130
242,5,Car,1498124323140,1498124333130
243,5,Car,1498124333140,1498124343130
244,5,Car,1498124343140,1498124353130
245,5,Car,1498124353140,1498124363130
246,5,Car,1498124363140,1498124373130
247,5,Car,1498124373140,1498124383130
248,5,Car,1498124383140,1498124393130
249,5,Car,1498124393140,1498124403130
250,5,Car,1498124403140,1498124413130
251,5,Car,1498124413140,1498124423130
252,5,Car,1498124423140,1498124433130
253,5,Car,1498124433140,1498124443130
254,5,Car,1498124443140,1498124453130
255,5,Car,1498124453140,1498124463130
256,5,Car,1498124463140,1498124473130
257,5,Car,1498124473140,1498124483130
258,5,Car,1498124483140,1498124493130
259,5,Car,1498124493140,1498124503130
260,5,Car,1498124503140,1498124513130
261,5,Car,1498124513140,1498124523130
262,5,Car,1498124523140,1498124533130
263,5,Car,1498124533140,1498124543130
264,5,Car,1498124543140,1498124553130
265,5,Car,1498124553140,1498124563130
266,5,Car,1498124563140,1498124573130
267,5,Car,1498124573140,1498124583130
268,5,Car,1498124583140,1498124593130
269,5,Car,1498124593140,1498124603130
270,5,Car,1498124603140,1498124613130
271,5,Car,1498124613140,1498124623130
272,5,Car,1498124623140,1498124633130
273,5,Car,1498124633140,1498124643130
274,5,Car,1498124643140,1498124653130
275,5,Car,1498124653140,1498124663130
276,5,Car,1498124663140,1498124673130
277,5,Car,1498124673140,1498124683130
278,5,Car,1498124683140,1498124693130
279,5,Car,1498124693140,1498124703130
280,5,Car,1498124703140,1498124713130
281,5,Car,1498124713140,1498124723130
282,5,Car,1498124723140,1498124733130
283,5,Car,1498124733140,1498124743130
284,5,Car,1498124743140,1498124753130
285,5,Car,1498124753140,1498124763130
286,5,Car,1498124763140,1498124773130
287,5,Car,1498124773140,1498124783130
288,5,Car,1498124783140,1498124793130
289,5,Car,1498124793140,1498124803130
290,5,Car,1498124803140,1498124813130
291,5,Car,1498124813140,1498124823130
292,5,Car,1498124823140,1498124833130
293,5,Car,1498124833140,1498124843130
294,5,Car,1498124843140,1498124853130
295,5,Car,1498124853140,1498124863130
296,5,Car,1498124863140,1498124873130
297,5,Car,1498124873140,1498124883130
298,5,Car,1498124883140,1498124893130
299,5,Car,1498124893140,1498124903130
300,5,Car,1498124903140,1498124913130
301,5,Car,1498124913140,1498124923130
302,5,Car,1498124923140,1498124933130
303,5,Car,1498124933140,1498124943130
304,5,Car,1498124943140,1498124953130
305,5,Car,1498124953140,1498124963130
306,5,Car,1498124963140,1498124973130
307,5,Car,1498124973140,1498124983130
308,5,Car,1498124983140,1498124993130
309,5,Car,1498124993140,1498125003130
310,5,Car,1498125003140,1498125013130
311,5,Car,1498125013140,1498125023130
312,5,Car,1498125023140,1498125033130
313,5,Car,1498125033140,1498125043130
314,5,Car,1498125043140,1498125053130
315,5,Car,1498125053140,1498125063130
316,5,Car,1498125063140,1498125073130
317,5,Car,1498125073140,1498125083130
318,5,Car,1498125083140,1498125093130
319,5,Car,1498125093140,1498125103130
320,5,Car,1498125103140,1498125113130
321,5,Car,1498125113140,1498125123130
322,5,Car,1498125123140,1498125133130
323,5,Car,1498125133140,1498125143130
324,5,Car,1498125143140,1498125153130
325,5,Car,1498125153140,1498125163130
326,5,Car,1498125163140,1498125173130
327,5,Car,1498125173140,1498125183130
328,5,Car,1498125183140,1498125193130
329,5,Car,1498125193140,1498125203130
330,5,Car,1498125203140,1498125213130
331,5,Car,1498125213140,1498125223130
332,5,Car,1498125223140,1498125233130
333,5,Car,1498125233140,1498125243130
334,5,Car,1498125243140,1498125253130
335,5,Car,1498125253140,1498125263130
336,5,Car,1498125263140,1498125273130
337,5,Car,1498125273140,1498125283130
338,5,Car,1498125283140,1498125293130
339,5,Car,1498125293140,1498125303130
340,5,Car,1498125303140,1498125313130
341,5,Car,1498125313140,1498125323130
342,5,Car,1498125323140,1498125333130
343,5,Car,1498125333140,1498125343130
344,5,Car,1498125343140,1498125353130
345,5,Car,1498125353140,1498125363130
346,5,Car,1498125363140,1498125373130
347,5,Car,1498125373140,1498125383130
348,5,Car,1498125383140,1498125393130
349,5,Car,1498125393140,1498125403130
350,5,Car,1498125403140,1498125413130
351,5,Car,1498125413140,1498125423130
352,5,Car,1498125423140,1498125433130
353,5,Car,1498125433140,1498125443130
354,5,Car,1498125443140,1498125453130
355,5,Car,1498125453140,1498125463130
356,5,Car,1498125463140,1498125473130
357,5,Car,1498125473140,1498125483130
358,5,Car,1498125483140,1498125493130
359,5,Car,1498125493140,1498125503130
360,5,Car,1498125503140,1498125513130
361,5,Car,1498125513140,1498125523130
362,5,Car,1498125523140,1498125533130
363,5,Car,1498125533140,1498125543130
364,5,Car,1498125543140,1498125553130
365,5,Car,1498125553140,1498125563130
366,5,Car,1498125563140,1498125573130
367,5,Car,1498125573140,1498125583130
368,5,Car,1498125583140,1498125593130
369,5,Car,1498125593140,1498125603130
370,5,Car,1498125603140,1498125613130
371,5,Car,1498125613140,1498125623130
372,5,Car,1498125623140,1498125633130
373,5,Car,1498125633140,1498125643130
374,5,Car,1498125643140,1498125653130
375,5,Car,1498125653140,1498125663130
376,5,Car,1498125663140,1498125673130
377,5,Car,1498125673140,1498125683130
378,5,Car,1498125683140,1498125693130
379,5,Car,1498125693140,1498125703130
380,5,Car,1498125703140,1498125713130
381,5,Car,1498125713140,1498125723130
382,5,Car,1498125723140,1498125733130
383,5,Car,1498125733140,1498125743130
384,5,Car,1498125743140,1498125753130
385,5,Car,1498125753140,1498125763130
386,5,Car,1498125763140,1498125773130
387,5,Car,1498125773140,1498125783130
388,5,Car,1498125783140,1498125793130
389,5,Car,1498125793140,1498125803130
390,5,Car,1498125803140,1498125813130
391,5,Car,1498125813140,1498125823130
392,5,Car,1498125823140,1498125833130
393,5,Car,1498125833140,1498125843130
394,5,Car,1498125843140,1498125853130
395,5,Car,1498125853140,1498125863130
396,5,Car,1498125863140,1498125873130
397,5,Car,1498125873140,1498125883130
398,5,Car,1498125883140,1498125893130
399,5,Car,1498125893140,1498125903130
400,5,Car,1498125903140,1498125913130
401,5,Car,1498125913140,1498125923130
402,5,Car,1498125923140,1498125933130
403,5,Car,1498125933140,1498125943130
404,5,Car,1498125943140,1498125953130
405,5,Car,1498125953140,1498125963130
406,5,Car,1498125963140,1498125973130
407,5,Car,1498125973140,1498125983130
408,5,Car,1498125983140,1498125993130
409,5,Car,1498125993140,1498126003130
410,5,Car,1498126003140,1498126013130
411,5,Car,1498126013140,1498126023130
412,5,Car,1498126023140,1498126033130
413,5,Car,1498126033140,1498126043130
414,5,Car,1498126043140,1498126053130
415,5,Car,1498126053140,1498126063130
416,5,Car,1498126063140,1498126073130
417,5,Car,1498126073140,1498126083130
418,5,Car,1498126083140,1498126093130
419,5,Car,1498126093140,1498126103130
420,5,Car,1498126103140,1498126113130
421,5,Car,1498126113140,1498126123130
422,5,Car,1498126123140,1498126133130
423,5,Car,1498126133140,1498126143130
424,5,Car,1498126143140,1498126153130
425,5,Car,1498126153140,1498126163130
426,5,Car,1498126163140,1498126173130
427,5,Car,1498126173140,1498126183130
428,5,Car,1498126183140,1498126193130
429,5,Car,1498126193140,1498126203130
430,5,Car,1498126203140,1498126213130
431,5,Car,1498126213140,1498126223130
432,5,Car,1498126223140,1498126233130
433,5,Car,1498126233140,1498126243130
434,5,Car,1498126243140,1498126253130
435,5,Car,1498126253140,1498126263130
436,5,Car,1498126263140,1498126273130
437,5,Car,1498126273140,1498126283130
438,5,Car,1498126283140,1498126293130
439,5,Car,1498126293140,1498126303130
440,5,Car,1498126303140,1498126313130
441,5,Car,1498126313140,1498126323130
442,5,Car,1498126323140,1498126333130
443,5,Car,1498126333140,1498126343130
444,5,Car,1498126343140,1498126353130
445,5,Car,1498126353140,1498126363130
446,5,Car,1498126363140,1498126373130
447,5,Car,1498126373140,1498126383130
448,5,Car,1498126383140,1498126393130
449,5,Car,1498126393140,1498126403130
450,5,Car,1498126403140,1498126413130
451,5,Car,1498126413140,1498126423130
452,5,Car,1498126423140,1498126433130
453,5,Car,1498126433140,1498126443130
454,5,Car,1498126443140,1498126453130
455,5,Car,1498126453140,1498126463130
456,5,Car,1498126463140,1498126473130
457,5,Car,1498126473140,1498126483130
458,5,Car,1498126483140,1498126493130
459,5,Car,1498126493140,1498126503130
460,5,Car,1498126503140,1498126513130
461,5,Car,1498126513140,1498126523130
462,5,Car,1498126523140,1498126533130
463,5,Car,1498126533140,1498126543130
464,5,Car,1498126543140,1498126553130
465,5,Car,1498126553140,1498126563130
466,5,Car,1498126563140,1498126573130
467,5,Car,1498126573140,1498126583130
468,5,Car,1498126583140,1498126593130
469,5,Car,1498126593140,1498126603130
470,5,Car,1498126603140,1498126613130
471,5,Car,1498126613140,1498126623130
472,5,Car,1498126623140,1498126633130
473,5,Car,1498126633140,1498126643130
474,5,Car,1498126643140,1498126653130
475,5,Car,1498126653140,1498126663130
476,5,Car,1498126663140,1498126673130
477,5,Car,1498126673140,1498126683130
478,5,Car,1498126683140,1498126693130
479,5,Car,1498126693140,1498126703130
480,5,Car,1498126703140,1498126713130
481,5,Car,1498126713140,1498126723130
482,5,Car,1498126723140,1498126733130
483,5,Car,1498126733140,1498126743130
484,5,Car,1498126743140,1498126753130
485,5,Car,1498126753140,1498126763130
486,5,Car,1498126763140,1498126773130
487,5,Car,1498126773140,1498126783130
488,5,Car,1498126783140,1498126793130
489,5,Car,1498126793140,1498126803130
490,5,Car,1498126803140,1498126813130
491,5,Car,1498126813140,1498126823130
492,5,Car,1498126823140,1498126833130
493,5,Car,1498126833140,1498126843130
494,5,Car,1498126843140,1498126853130
495,5,Car,1498126853140,1498126863130
496,5,Car,1498126863140,1498126873130
497,5,Car,1498126873140,1498126883130
498,5,Car,1498126883140,1498126893130
499,5,Car,1498126893140,1498126903130
500,5,Car,1498126903140,1498126913130
501,5,Car,1498126913140,1498126923130
502,5,Car,1498126923140,1498126933130
503,5,Car,1498126933140,1498126943130
504,5,Car,1498126943140,1498126953130
505,5,Car,1498126953140,1498126963130
506,5,Car,1498126963140,1498126973130
507,5,Car,1498126973140,1498126983130
508,5,Car,1498126983140,1498126993130
509,5,Car,1498126993140,1498127003130
510,5,Car,1498127003140,1498127013130
511,5,Car,1498127013140,1498127023130
512,5,Car,1498127023140,1498127033130
513,5,Car,1498127033140,1498127043130
514,5,Car,1498127043140,1498127053130
515,5,Car,1498127053140,1498127063130
516,5,Car,1498127063140,1498127073130
517,5,Car,1498127073140,1498127083130
518,5,Car,1498127083140,1498127093130
519,5,Car,1498127093140,1498127103130
520,5,Car,1498127103140,1498128463450
521,1,Still,1498128463460,1498128473450
522,1,Still,1498128473460,1498128483450
523,1,Still,1498128483460,1498128493450
524,1,Still,1498128493460,1498128503450
525,1,Still,1498128503460,1498128513450
526,1,Still,1498128513460,1498128523450
527,1,Still,1498128523460,1498128533450
528,1,Still,1498128533460,1498128543450
529,1,Still,1498128543460,1498128553450
530,1,Still,1498128553460,1498128563450
531,1,Still,1498128563460,1498128573450
532,1,Still,1498128573460,1498128583450
533,1,Still,1498128583460,1498128593450
534,1,Still,1498128593460,1498128603450
535,1,Still,1498128603460,1498128613450
536,1,Still,1498128613460,1498128623450
537,1,Still,1498128623460,1498128633450
538,1,Still,1498128633460,1498128643450
539,1,Still,1498128643460,1498128653450
540,1,Still,1498128653460,1498128663450
541,1,Still,1498128663460,1498128673450
542,1,Still,1498128673460,1498128683450
543,1,Still,1498128683460,1498128693450
544,1,Still,1498128693460,1498128703450
545,1,Still,1498128703460,1498128713450
546,1,Still,1498128713460,1498128723450
547,1,Still,1498128723460,1498128733450
548,1,Still,1498128733460,1498128743450
549,1,Still,1498128743460,1498128753450
550,1,Still,1498128753460,1498128763450
551,1,Still,1498128763460,1498128773450
552,1,Still,1498128773460,1498128783450
553,1,Still,1498128783460,1498128793450
554,1,Still,1498128793460,1498128803450
555,1,Still,1498128803460,1498128813450
556,1,Still,1498128813460,1498128823450
557,1,Still,1498128823460,1498128833450
558,1,Still,1498128833460,1498128843450
559,1,Still,1498128843460,1498128853450
560,1,Still,1498128853460,1498128863450
561,1,Still,1498128863460,1498128873450
562,1,Still,1498128873460,1498128883450
563,1,Still,1498128883460,1498128893450
564,1,Still,1498128893460,1498128903450
565,1,Still,1498128903460,1498128913450
566,1,Still,1498128913460,1498128923450
567,1,Still,1498128923460,1498128933450
568,1,Still,1498128933460,1498128943450
569,1,Still,1498128943460,1498128953450
570,1,Still,1498128953460,1498128963450
571,1,Still,1498128963460,1498128973450
572,1,Still,1498128973460,1498128983450
573,1,Still,1498128983460,1498128993450
574,1,Still,1498128993460,1498129003450
575,1,Still,1498129003460,1498129013450
576,1,Still,1498129013460,1498129023450
577,1,Still,1498129023460,1498129033450
578,1,Still,1498129033460,1498129043450
579,1,Still,1498129043460,1498129053450
580,1,Still,1498129053460,1498129063450
581,1,Still,1498129063460,1498129073450
582,1,Still,1498129073460,1498129083450
583,1,Still,1498129083460,1498129093450
584,1,Still,1498129093460,1498129103450
585,1,Still,1498129103460,1498129113450
586,1,Still,1498129113460,1498129123450
587,1,Still,1498129123460,1498129133450
588,1,Still,1498129133460,1498129143450
589,1,Still,1498129143460,1498129153450
590,1,Still,1498129153460,1498129163450
591,1,Still,1498129163460,1498129173450
592,1,Still,1498129173460,1498129183450
593,1,Still,1498129183460,1498129193450
594,1,Still,1498129193460,1498129203450
595,1,Still,1498129203460,1498129213450
596,1,Still,1498129213460,1498129223450
597,1,Still,1498129223460,1498129233450
598,1,Still,1498129233460,1498129243450
599,1,Still,1498129243460,1498129253450
600,1,Still,1498129253460,1498129263450
601,1,Still,1498129263460,1498129273450
602,1,Still,1498129273460,1498129283450
603,1,Still,1498129283460,1498129293450
604,1,Still,1498129293460,1498129303450
605,1,Still,1498129303460,1498129313450
606,1,Still,1498129313460,1498129323450
607,1,Still,1498129323460,1498129333450
608,1,Still,1498129333460,1498129343450
609,1,Still,1498129343460,1498129353450
610,1,Still,1498129353460,1498129363450
611,1,Still,1498129363460,1498129373450
612,1,Still,1498129373460,1498129383450
613,1,Still,1498129383460,1498129393450
614,1,Still,1498129393460,1498129403450
615,1,Still,1498129403460,1498129413450
616,1,Still,1498129413460,1498129423450
617,1,Still,1498129423460,1498129433450
618,1,Still,1498129433460,1498129443450
619,1,Still,1498129443460,1498129453450
620,1,Still,1498129453460,1498129463450
621,1,Still,1498129463460,1498129473450
622,1,Still,1498129473460,1498129483450
623,1,Still,1498129483460,1498129493450
624,1,Still,1498129493460,1498129503450
625,1,Still,1498129503460,1498129513450
626,1,Still,1498129513460,1498129523450
627,1,Still,1498129523460,1498129533450
628,1,Still,1498129533460,1498129543450
629,1,Still,1498129543460,1498129553450
630,1,Still,1498129553460,1498129563450
631,1,Still,1498129563460,1498129573450
632,1,Still,1498129573460,1498129583450
633,1,Still,1498129583460,1498129593450
634,1,Still,1498129593460,1498129603450
635,1,Still,1498129603460,1498129613450
636,1,Still,1498129613460,1498129623450
637,1,Still,1498129623460,1498129633450
638,1,Still,1498129633460,1498129643450
639,1,Still,1498129643460,1498129653450
640,1,Still,1498129653460,1498129663450
641,1,Still,1498129663460,1498129673450
642,1,Still,1498129673460,1498129683450
643,1,Still,1498129683460,1498129693450
644,1,Still,1498129693460,1498129703450
645,1,Still,1498129703460,1498129713450
646,1,Still,1498129713460,1498129723450
647,1,Still,1498129723460,1498129733450
648,1,Still,1498129733460,1498129743450
649,1,Still,1498129743460,1498129753450
650,1,Still,1498129753460,1498129763450
651,1,Still,1498129763460,1498129773450
652,1,Still,1498129773460,1498129783450
653,1,Still,1498129783460,1498129793450
654,1,Still,1498129793460,1498129803450
655,1,Still,1498129803460,1498129813450
656,1,Still,1498129813460,1498129823450
657,1,Still,1498129823460,1498129833450
658,1,Still,1498129833460,1498129843450
659,1,Still,1498129843460,1498129853450
660,1,Still,1498129853460,1498129863450
661,1,Still,1498129863460,1498129873450
662,1,Still,1498129873460,1498129883450
663,1,Still,1498129883460,1498129893450
664,1,Still,1498129893460,1498129903450
665,1,Still,1498129903460,1498129913450
666,1,Still,1498129913460,1498129923450
667,1,Still,1498129923460,1498129933450
668,1,Still,1498129933460,1498129943450
669,1,Still,1498129943460,1498129953450
670,1,Still,1498129953460,1498129963450
671,1,Still,1498129963460,1498129973450
672,1,Still,1498129973460,1498129983450
673,1,Still,1498129983460,1498129993450
674,1,Still,1498129993460,1498130003450
675,1,Still,1498130003460,1498130013450
676,1,Still,1498130013460,1498130023450
677,1,Still,1498130023460,1498130033450
678,1,Still,1498130033460,1498130043450
679,1,Still,1498130043460,1498130053450
680,1,Still,1498130053460,1498130063450
681,1,Still,1498130063460,1498130073450
682,1,Still,1498130073460,1498130083450
683,1,Still,1498130083460,1498130093450
684,1,Still,1498130093460,1498130103450
685,1,Still,1498130103460,1498130113450
686,1,Still,1498130113460,1498130123450
687,1,Still,1498130123460,1498130133450
688,1,Still,1498130133460,1498130143450
689,1,Still,1498130143460,1498130153450
690,1,Still,1498130153460,1498130163450
691,1,Still,1498130163460,1498130173450
692,1,Still,1498130173460,1498130183450
693,1,Still,1498130183460,1498130193450
694,1,Still,1498130193460,1498130203450
695,1,Still,1498130203460,1498130213450
696,1,Still,1498130213460,1498130223450
697,1,Still,1498130223460,1498130233450
698,1,Still,1498130233460,1498130243450
699,1,Still,1498130243460,1498130253450
700,1,Still,1498130253460,1498130263450
701,1,Still,1498130263460,1498130273450
702,1,Still,1498130273460,1498130283450
703,1,Still,1498130283460,1498130293450
704,1,Still,1498130293460,1498130303450
705,1,Still,1498130303460,1498130313450
706,1,Still,1498130313460,1498130323450
707,1,Still,1498130323460,1498130333450
708,1,Still,1498130333460,1498130343450
709,1,Still,1498130343460,1498130353450
710,1,Still,1498130353460,1498130363450
711,1,Still,1498130363460,1498130373450
712,1,Still,1498130373460,1498130383450
713,1,Still,1498130383460,1498130393450
714,1,Still,1498130393460,1498130403450
715,1,Still,1498130403460,1498130413450
716,1,Still,1498130413460,1498130423450
717,1,Still,1498130423460,1498130433450
718,1,Still,1498130433460,1498130443450
719,1,Still,1498130443460,1498130453450
720,1,Still,1498130453460,1498130463450
721,1,Still,1498130463460,1498130473450
722,1,Still,1498130473460,1498130483450
723,1,Still,1498130483460,1498130493450
724,1,Still,1498130493460,1498130503450
725,1,Still,1498130503460,1498130513450
726,1,Still,1498130513460,1498130523450
727,1,Still,1498130523460,1498130533450
728,1,Still,1498130533460,1498130543450
729,1,Still,1498130543460,1498130553450
730,1,Still,1498130553460,1498130563450
731,1,Still,1498130563460,1498130573450
732,1,Still,1498130573460,1498130583450
733,1,Still,1498130583460,1498130593450
734,1,Still,1498130593460,1498130603450
735,1,Still,1498130603460,1498130613450
736,1,Still,1498130613460,1498130623450
737,1,Still,1498130623460,1498130633450
738,1,Still,1498130633460,1498130643450
739,1,Still,1498130643460,1498130653450
740,1,Still,1498130653460,1498130663450
741,1,Still,1498130663460,1498130673450
742,1,Still,1498130673460,1498130683450
743,1,Still,1498130683460,1498130693450
744,1,Still,1498130693460,1498130703450
745,1,Still,1498130703460,1498130713450
746,1,Still,1498130713460,1498130723450
747,1,Still,1498130723460,1498130733450
748,1,Still,1498130733460,1498130743450
749,1,Still,1498130743460,1498135118650
750,5,Car,1498135118660,1498135128650
751,5,Car,1498135128660,1498135138650
752,5,Car,1498135138660,1498135148650
753,5,Car,1498135148660,1498135158650
754,5,Car,1498135158660,1498135168650
755,5,Car,1498135168660,1498135178650
756,5,Car,1498135178660,1498135188650
757,5,Car,1498135188660,1498135198650
758,5,Car,1498135198660,1498135208650
759,5,Car,1498135208660,1498135218650
760,5,Car,1498135218660,1498135228650
761,5,Car,1498135228660,1498135238650
762,5,Car,1498135238660,1498135248650
763,5,Car,1498135248660,1498135258650
764,5,Car,1498135258660,1498135268650
765,5,Car,1498135268660,1498135278650
766,5,Car,1498135278660,1498135288650
767,5,Car,1498135288660,1498135298650
768,5,Car,1498135298660,1498135308650
769,5,Car,1498135308660,1498135318650
770,5,Car,1498135318660,1498135328650
771,5,Car,1498135328660,1498135338650
772,5,Car,1498135338660,1498135348650
773,5,Car,1498135348660,1498135358650
774,5,Car,1498135358660,1498135368650
775,5,Car,1498135368660,1498135378650
776,5,Car,1498135378660,1498135388650
777,5,Car,1498135388660,1498135398650
778,5,Car,1498135398660,1498135408650
779,5,Car,1498135408660,1498135418650
780,5,Car,1498135418660,1498135428650
781,5,Car,1498135428660,1498135438650
782,5,Car,1498135438660,1498135448650
783,5,Car,1498135448660,1498135458650
784,5,Car,1498135458660,1498135468650
785,5,Car,1498135468660,1498135478650
786,5,Car,1498135478660,1498135488650
787,5,Car,1498135488660,1498135498650
788,5,Car,1498135498660,1498135508650
789,5,Car,1498135508660,1498135518650
790,5,Car,1498135518660,1498135528650
791,5,Car,1498135528660,1498135538650
792,5,Car,1498135538660,1498135548650
793,5,Car,1498135548660,1498135558650
794,5,Car,1498135558660,1498135568650
795,5,Car,1498135568660,1498135578650
796,5,Car,1498135578660,1498135588650
797,5,Car,1498135588660,1498135598650
798,5,Car,1498135598660,1498135608650
799,5,Car,1498135608660,1498135618650
800,5,Car,1498135618660,1498135628650
801,5,Car,1498135628660,1498135638650
802,5,Car,1498135638660,1498135648650
803,5,Car,1498135648660,1498135658650
804,5,Car,1498135658660,1498135668650
805,5,Car,1498135668660,1498136157870
806,5,Car,1498136157880,1498136167870
807,5,Car,1498136167880,1498136177870
808,5,Car,1498136177880,1498136187870
809,5,Car,1498136187880,1498136197870
810,5,Car,1498136197880,1498136207870
811,5,Car,1498136207880,1498136217870
812,5,Car,1498136217880,1498136227870
813,5,Car,1498136227880,1498136237870
814,5,Car,1498136237880,1498136247870
815,5,Car,1498136247880,1498136257870
816,5,Car,1498136257880,1498136267870
817,5,Car,1498136267880,1498136277870
818,5,Car,1498136277880,1498136287870
819,5,Car,1498136287880,1498136297870
820,5,Car,1498136297880,1498136307870
821,5,Car,1498136307880,1498136317870
822,5,Car,1498136317880,1498136327870
823,5,Car,1498136327880,1498136337870
824,5,Car,1498136337880,1498136347870
825,5,Car,1498136347880,1498136357870
826,5,Car,1498136357880,1498136367870
827,5,Car,1498136367880,1498136377870
828,5,Car,1498136377880,1498136387870
829,5,Car,1498136387880,1498136397870
830,5,Car,1498136397880,1498136407870
831,5,Car,1498136407880,1498136417870
832,5,Car,1498136417880,1498136427870
833,5,Car,1498136427880,1498136437870
834,5,Car,1498136437880,1498136447870
835,5,Car,1498136447880,1498136457870
836,5,Car,1498136457880,1498136467870
837,5,Car,1498136467880,1498136477870
838,5,Car,1498136477880,1498136487870
839,5,Car,1498136487880,1498136497870
840,5,Car,1498136497880,1498136507870
841,5,Car,1498136507880,1498136517870
842,5,Car,1498136517880,1498136527870
843,5,Car,1498136527880,1498136537870
844,5,Car,1498136537880,1498136547870
845,5,Car,1498136547880,1498136557870
846,5,Car,1498136557880,1498136567870
847,5,Car,1498136567880,1498136577870
848,5,Car,1498136577880,1498136587870
849,5,Car,1498136587880,1498136597870
850,5,Car,1498136597880,1498136607870
851,5,Car,1498136607880,1498136617870
852,5,Car,1498136617880,1498136627870
853,5,Car,1498136627880,1498136637870
854,5,Car,1498136637880,1498136647870
855,5,Car,1498136647880,1498136657870
856,5,Car,1498136657880,1498136667870
857,5,Car,1498136667880,1498136677870
858,5,Car,1498136677880,1498136687870
859,5,Car,1498136687880,1498136697870
860,5,Car,1498136697880,1498136707870
861,5,Car,1498136707880,1498136717870
862,5,Car,1498136717880,1498136727870
863,5,Car,1498136727880,1498136737870
864,5,Car,1498136737880,1498136747870
865,5,Car,1498136747880,1498136757870
866,5,Car,1498136757880,1498136767870
867,5,Car,1498136767880,1498136777870
868,5,Car,1498136777880,1498136787870
869,5,Car,1498136787880,1498136797870
870,5,Car,1498136797880,1498136807870
871,5,Car,1498136807880,1498136817870
872,5,Car,1498136817880,1498136827870
873,5,Car,1498136827880,1498136837870
874,5,Car,1498136837880,1498136847870
875,5,Car,1498136847880,1498136857870
876,5,Car,1498136857880,1498136867870
877,5,Car,1498136867880,1498136877870
878,5,Car,1498136877880,1498136887870
879,5,Car,1498136887880,1498136897870
880,5,Car,1498136897880,1498136907870
881,5,Car,1498136907880,1498136917870
882,5,Car,1498136917880,1498136927870
883,5,Car,1498136927880,1498136937870
884,5,Car,1498136937880,1498136947870
885,5,Car,1498136947880,1498136957870
886,5,Car,1498136957880,1498136967870
887,5,Car,1498136967880,1498136977870
888,5,Car,1498136977880,1498136987870
889,5,Car,1498136987880,1498136997870
890,5,Car,1498136997880,1498137007870
891,5,Car,1498137007880,1498137017870
892,5,Car,1498137017880,1498137027870
893,5,Car,1498137027880,1498137037870
894,5,Car,1498137037880,1498137047870
895,5,Car,1498137047880,1498137057870
896,5,Car,1498137057880,1498137067870
897,5,Car,1498137067880,1498137077870
898,5,Car,1498137077880,1498137087870
899,5,Car,1498137087880,1498137097870
900,5,Car,1498137097880,1498137107870
901,5,Car,1498137107880,1498137117870
902,5,Car,1498137117880,1498137127870
903,5,Car,1498137127880,1498137137870
904,5,Car,1498137137880,1498137147870
905,5,Car,1498137147880,1498137157870
906,5,Car,1498137157880,1498137167870
907,5,Car,1498137167880,1498137177870
908,5,Car,1498137177880,1498137187870
909,5,Car,1498137187880,1498137197870
910,5,Car,1498137197880,1498137207870
911,5,Car,1498137207880,1498137217870
912,5,Car,1498137217880,1498137227870
913,5,Car,1498137227880,1498137237870
914,5,Car,1498137237880,1498137247870
915,5,Car,1498137247880,1498137257870
916,5,Car,1498137257880,1498137267870
917,5,Car,1498137267880,1498137277870
918,5,Car,1498137277880,1498137287870
919,5,Car,1498137287880,1498137297870
920,5,Car,1498137297880,1498137307870
921,5,Car,1498137307880,1498137317870
922,5,Car,1498137317880,1498137327870
923,5,Car,1498137327880,1498137337870
924,5,Car,1498137337880,1498137347870
925,5,Car,1498137347880,1498137357870
926,5,Car,1498137357880,1498137367870
927,5,Car,1498137367880,1498137377870
928,5,Car,1498137377880,1498137387870
929,5,Car,1498137387880,1498137397870
930,5,Car,1498137397880,1498137407870
931,5,Car,1498137407880,1498137417870
932,5,Car,1498137417880,1498137427870
933,5,Car,1498137427880,1498137437870
934,5,Car,1498137437880,1498137447870
935,5,Car,1498137447880,1498137457870
936,5,Car,1498137457880,1498137467870
937,5,Car,1498137467880,1498137477870
938,5,Car,1498137477880,1498137487870
939,5,Car,1498137487880,1498137497870
940,5,Car,1498137497880,1498137507870
941,5,Car,1498137507880,1498137517870
942,5,Car,1498137517880,1498137527870
943,5,Car,1498137527880,1498137537870
944,5,Car,1498137537880,1498137547870
945,5,Car,1498137547880,1498137557870
946,5,Car,1498137557880,1498137567870
947,5,Car,1498137567880,1498137577870
948,5,Car,1498137577880,1498137587870
949,5,Car,1498137587880,1498137597870
950,5,Car,1498137597880,1498137607870
951,5,Car,1498137607880,1498137617870
952,5,Car,1498137617880,1498137627870
953,5,Car,1498137627880,1498137637870
954,5,Car,1498137637880,1498137647870
955,5,Car,1498137647880,1498137657870
956,5,Car,1498137657880,1498137667870
957,5,Car,1498137667880,1498137677870
958,5,Car,1498137677880,1498137687870
959,5,Car,1498137687880,1498137697870
960,5,Car,1498137697880,1498137707870
961,5,Car,1498137707880,1498137717870
962,5,Car,1498137717880,1498137727870
963,5,Car,1498137727880,1498137737870
964,5,Car,1498137737880,1498137747870
965,5,Car,1498137747880,1498137757870
966,5,Car,1498137757880,1498137767870
967,5,Car,1498137767880,1498137777870
968,5,Car,1498137777880,1498137787870
969,5,Car,1498137787880,1498137797870
970,5,Car,1498137797880,1498137807870
971,5,Car,1498137807880,1498137817870
972,5,Car,1498137817880,1498137827870
973,5,Car,1498137827880,1498137837870
974,5,Car,1498137837880,1498137847870
975,5,Car,1498137847880,1498137857870
976,5,Car,1498137857880,1498137867870
977,5,Car,1498137867880,1498137877870
978,5,Car,1498137877880,1498137887870
979,5,Car,1498137887880,1498137897870
980,5,Car,1498137897880,1498137907870
981,5,Car,1498137907880,1498137917870
982,5,Car,1498137917880,1498137927870
983,5,Car,1498137927880,1498137937870
984,5,Car,1498137937880,1498137947870
985,5,Car,1498137947880,1498137957870
986,5,Car,1498137957880,1498137967870
987,5,Car,1498137967880,1498137977870
988,5,Car,1498137977880,1498137987870
989,5,Car,1498137987880,1498137997870
990,5,Car,1498137997880,1498138007870
991,5,Car,1498138007880,1498138017870
992,5,Car,1498138017880,1498138027870
993,5,Car,1498138027880,1498138037870
994,5,Car,1498138037880,1498138047870
995,5,Car,1498138047880,1498138057870
996,5,Car,1498138057880,1498138067870
997,5,Car,1498138067880,1498138077870
998,5,Car,1498138077880,1498138087870
999,5,Car,1498138087880,1498138097870
1000,5,Car,1498138097880,1498138107870
1001,5,Car,1498138107880,1498138117870
1002,5,Car,1498138117880,1498138127870
1003,5,Car,1498138127880,1498138137870
1004,5,Car,1498138137880,1498138147870
1005,5,Car,1498138147880,1498138157870
1006,5,Car,1498138157880,1498138167870
1007,5,Car,1498138167880,1498138177870
1008,5,Car,1498138177880,1498138187870
1009,5,Car,1498138187880,1498138197870
1010,5,Car,1498138197880,1498138207870
1011,5,Car,1498138207880,1498138217870
1012,5,Car,1498138217880,1498138227870
1013,5,Car,1498138227880,1498138237870
1014,5,Car,1498138237880,1498138247870
1015,5,Car,1498138247880,1498138257870
1016,5,Car,1498138257880,1498138267870
1017,5,Car,1498138267880,1498138277870
1018,5,Car,1498138277880,1498138287870
1019,5,Car,1498138287880,1498138297870
1020,5,Car,1498138297880,1498138307870
1021,5,Car,1498138307880,1498138317870
1022,5,Car,1498138317880,1498138327870
1023,5,Car,1498138327880,1498138337870
1024,5,Car,1498138337880,1498138347870
1025,5,Car,1498138347880,1498138357870
1026,5,Car,1498138357880,1498138367870
1027,5,Car,1498138367880,1498138377870
1028,5,Car,1498138377880,1498138387870
1029,5,Car,1498138387880,1498138397870
1030,5,Car,1498138397880,1498138407870
1031,5,Car,1498138407880,1498138417870
1032,5,Car,1498138417880,1498138427870
1033,5,Car,1498138427880,1498138437870
1034,5,Car,1498138437880,1498138447870
1035,5,Car,1498138447880,1498138457870
1036,5,Car,1498138457880,1498138467870
1037,5,Car,1498138467880,1498138477870
1038,5,Car,1498138477880,1498138487870
1039,5,Car,1498138487880,1498138497870
1040,5,Car,1498138497880,1498138507870
1041,5,Car,1498138507880,1498138517870
1042,5,Car,1498138517880,1498138527870
1043,5,Car,1498138527880,1498138537870
1044,5,Car,1498138537880,1498138547870
1045,5,Car,1498138547880,1498138557870
1046,5,Car,1498138557880,1498138567870
1047,5,Car,1498138567880,1498138577870
1048,5,Car,1498138577880,1498138587870
1049,5,Car,1498138587880,1498138597870
1050,5,Car,1498138597880,1498138607870
1051,5,Car,1498138607880,1498138617870
1052,5,Car,1498138617880,1498138627870
1053,5,Car,1498138627880,1498138637870
1054,5,Car,1498138637880,1498138647870
1055,5,Car,1498138647880,1498138657870
1056,5,Car,1498138657880,1498138667870
1057,5,Car,1498138667880,1498138677870
1058,5,Car,1498138677880,1498138687870
1059,5,Car,1498138687880,1498138697870
1060,5,Car,1498138697880,1498138707870
1061,5,Car,1498138707880,1498138717870
1062,5,Car,1498138717880,1498138727870
1063,5,Car,1498138727880,1498138737870
1064,5,Car,1498138737880,1498138747870
1065,5,Car,1498138747880,1498138757870
1066,5,Car,1498138757880,1498138767870
1067,5,Car,1498138767880,1498138777870
1068,5,Car,1498138777880,1498138787870
1069,5,Car,1498138787880,1498138797870
1070,5,Car,1498138797880,1498138807870
1071,5,Car,1498138807880,1498138817870
1072,5,Car,1498138817880,1498138827870
1073,5,Car,1498138827880,1498138837870
1074,5,Car,1498138837880,1498138847870
1075,5,Car,1498138847880,1498138857870
1076,5,Car,1498138857880,1498138867870
1077,5,Car,1498138867880,1498138877870
1078,5,Car,1498138877880,1498138887870
1079,5,Car,1498138887880,1498138897870
1080,5,Car,1498138897880,1498138907870
1081,5,Car,1498138907880,1498139112570
1082,2,Walking,1498139112580,1498139122570
1083,2,Walking,1498139122580,1498139132570
1084,2,Walking,1498139132580,1498139142570
1085,2,Walking,1498139142580,1498139152570
1086,2,Walking,1498139152580,1498139162570
1087,2,Walking,1498139162580,1498139172570
1088,2,Walking,1498139172580,1498139182570
1089,2,Walking,1498139182580,1498139192570
1090,2,Walking,1498139192580,1498139202570
1091,2,Walking,1498139202580,1498139212570
1092,2,Walking,1498139212580,1498139222570
1093,2,Walking,1498139222580,1498139232570
1094,2,Walking,1498139232580,1498139242570
1095,2,Walking,1498139242580,1498139252570
1096,2,Walking,1498139252580,1498139262570
1097,2,Walking,1498139262580,1498139272570
1098,2,Walking,1498139272580,1498139282570
1099,2,Walking,1498139282580,1498139292570
1100,2,Walking,1498139292580,1498139302570
1101,2,Walking,1498139302580,1498139312570
1102,2,Walking,1498139312580,1498139322570
1103,2,Walking,1498139322580,1498139332570
1104,2,Walking,1498139332580,1498139342570
1105,2,Walking,1498139342580,1498139352570
1106,2,Walking,1498139352580,1498139362570
1107,2,Walking,1498139362580,1498139372570
1108,2,Walking,1498139372580,1498139382570
1109,2,Walking,1498139382580,1498139392570
1110,2,Walking,1498139392580,1498139402570
1111,2,Walking,1498139402580,1498139412570
1112,2,Walking,1498139412580,1498139422570
1113,2,Walking,1498139422580,1498139432570
1114,2,Walking,1498139432580,1498139442570
1115,2,Walking,1498139442580,1498139452570
1116,2,Walking,1498139452580,1498139462570
1117,2,Walking,1498139462580,1498139472570
1118,2,Walking,1498139472580,1498139482570
1119,2,Walking,1498139482580,1498139492570
1120,2,Walking,1498139492580,1498139502570
1121,2,Walking,1498139502580,1498139512570
1122,2,Walking,1498139512580,1498139522570
1123,2,Walking,1498139522580,1498139532570
1124,2,Walking,1498139532580,1498139542570
1125,2,Walking,1498139542580,1498139552570
1126,2,Walking,1498139552580,1498139562570
1127,2,Walking,1498139562580,1498139843370
1128,2,Walking,1498139843380,1498139853370
1129,2,Walking,1498139853380,1498139863370
1130,2,Walking,1498139863380,1498139873370
1131,2,Walking,1498139873380,1498139883370
1132,2,Walking,1498139883380,1498139893370
1133,2,Walking,1498139893380,1498139903370
1134,2,Walking,1498139903380,1498139913370
1135,2,Walking,1498139913380,1498139923370
1136,2,Walking,1498139923380,1498139933370
1137,2,Walking,1498139933380,1498139943370
1138,2,Walking,1498139943380,1498139953370
1139,2,Walking,1498139953380,1498139963370
1140,2,Walking,1498139963380,1498139973370
1141,2,Walking,1498139973380,1498139983370
1142,2,Walking,1498139983380,1498139993370
1143,2,Walking,1498139993380,1498140003370
1144,2,Walking,1498140003380,1498140013370
1145,2,Walking,1498140013380,1498140023370
1146,2,Walking,1498140023380,1498140033370
1147,2,Walking,1498140033380,1498140043370
1148,2,Walking,1498140043380,1498140053370
1149,2,Walking,1498140053380,1498140063370
1150,2,Walking,1498140063380,1498140073370
1151,2,Walking,1498140073380,1498140083370
1152,2,Walking,1498140083380,1498140093370
1153,2,Walking,1498140093380,1498140103370
1154,2,Walking,1498140103380,1498140113370
1155,2,Walking,1498140113380,1498140123370
1156,2,Walking,1498140123380,1498140133370
1157,2,Walking,1498140133380,1498140143370
1158,2,Walking,1498140143380,1498140153370
1159,2,Walking,1498140153380,1498140163370
1160,2,Walking,1498140163380,1498140173370
1161,2,Walking,1498140173380,1498140183370
1162,2,Walking,1498140183380,1498140193370
1163,2,Walking,1498140193380,1498140203370
1164,2,Walking,1498140203380,1498140213370
1165,2,Walking,1498140213380,1498140223370
1166,2,Walking,1498140223380,1498140233370
1167,2,Walking,1498140233380,1498140243370
1168,2,Walking,1498140243380,1498140253370
1169,2,Walking,1498140253380,1498140263370
1170,2,Walking,1498140263380,1498140273370
1171,2,Walking,1498140273380,1498140283370
1172,2,Walking,1498140283380,1498140293370
1173,2,Walking,1498140293380,1498140303370
1174,2,Walking,1498140303380,1498140313370
1175,2,Walking,1498140313380,1498140323370
1176,2,Walking,1498140323380,1498140333370
1177,2,Walking,1498140333380,1498140343370
1178,2,Walking,1498140343380,1498140353370
1179,2,Walking,1498140353380,1498140363370
1180,2,Walking,1498140363380,1498140373370
1181,2,Walking,1498140373380,1498140383370
1182,2,Walking,1498140383380,1498140393370
1183,2,Walking,1498140393380,1498140403370
1184,2,Walking,1498140403380,1498140413370
1185,2,Walking,1498140413380,1498140423370
1186,2,Walking,1498140423380,1498140433370
1187,2,Walking,1498140433380,1498140443370
1188,2,Walking,1498140443380,1498140453370
1189,2,Walking,1498140453380,1498140463370
1190,2,Walking,1498140463380,1498140473370
1191,2,Walking,1498140473380,1498140483370
1192,2,Walking,1498140483380,1498140493370
1193,2,Walking,1498140493380,1498140503370
1194,2,Walking,1498140503380,1498140513370
1195,2,Walking,1498140513380,1498140523370
1196,2,Walking,1498140523380,1498140533370
1197,2,Walking,1498140533380,1498140543370
1198,2,Walking,1498140543380,1498140553370
1199,2,Walking,1498140553380,1498140563370
1200,2,Walking,1498140563380,1498140573370
1201,2,Walking,1498140573380,1498140583370
1202,2,Walking,1498140583380,1498140593370
1203,2,Walking,1498140593380,1498140603370
1204,2,Walking,1498140603380,1498140613370
1205,2,Walking,1498140613380,1498140623370
1206,2,Walking,1498140623380,1498140633370
1207,2,Walking,1498140633380,1498140643370
1208,2,Walking,1498140643380,1498140653370
1209,2,Walking,1498140653380,1498140663370
1210,2,Walking,1498140663380,1498140673370
1211,2,Walking,1498140673380,1498140683370
1212,2,Walking,1498140683380,1498140693370
1213,2,Walking,1498140693380,1498140703370
1214,2,Walking,1498140703380,1498140713370
1215,2,Walking,1498140713380,1498140723370
1216,2,Walking,1498140723380,1498140733370
1217,2,Walking,1498140733380,1498140743370
1218,2,Walking,1498140743380,1498140753370
1219,2,Walking,1498140753380,1498140763370
1220,2,Walking,1498140763380,1498140773370
1221,2,Walking,1498140773380,1498140783370
1222,2,Walking,1498140783380,1498140793370
1223,2,Walking,1498140793380,1498140803370
1224,2,Walking,1498140803380,1498140813370
1225,2,Walking,1498140813380,1498140823370
1226,2,Walking,1498140823380,1498140833370
1227,2,Walking,1498140833380,1498140843370
1228,2,Walking,1498140843380,1498140853370
1229,2,Walking,1498140853380,1498140863370
1230,2,Walking,1498140863380,1498140873370
1231,2,Walking,1498140873380,1498140883370
1232,2,Walking,1498140883380,1498140893370
1233,2,Walking,1498140893380,1498140903370
1234,2,Walking,1498140903380,1498140913370
1235,2,Walking,1498140913380,1498140923370
1236,2,Walking,1498140923380,1498140933370
1237,2,Walking,1498140933380,1498140943370
1238,2,Walking,1498140943380,1498140953370
1239,2,Walking,1498140953380,1498140963370
1240,2,Walking,1498140963380,1498140973370
1241,2,Walking,1498140973380,1498140983370
1242,2,Walking,1498140983380,1498140993370
1243,2,Walking,1498140993380,1498141139100
1244,2,Walking,1498141139110,1498141149100
1245,2,Walking,1498141149110,1498141159100
1246,2,Walking,1498141159110,1498141169100
1247,2,Walking,1498141169110,1498141179100
1248,2,Walking,1498141179110,1498141189100
1249,2,Walking,1498141189110,1498141199100
1250,2,Walking,1498141199110,1498141209100
1251,2,Walking,1498141209110,1498141219100
1252,2,Walking,1498141219110,1498141229100
1253,2,Walking,1498141229110,1498141239100
1254,2,Walking,1498141239110,1498141249100
1255,2,Walking,1498141249110,1498141259100
1256,2,Walking,1498141259110,1498141269100
1257,2,Walking,1498141269110,1498141279100
1258,2,Walking,1498141279110,1498141289100
1259,2,Walking,1498141289110,1498141299100
1260,2,Walking,1498141299110,1498141309100
1261,2,Walking,1498141309110,1498141319100
1262,2,Walking,1498141319110,1498141329100
1263,2,Walking,1498141329110,1498141339100
1264,2,Walking,1498141339110,1498141349100
1265,2,Walking,1498141349110,1498141359100
1266,2,Walking,1498141359110,1498141369100
1267,2,Walking,1498141369110,1498141379100
1268,2,Walking,1498141379110,1498141389100
1269,2,Walking,1498141389110,1498141399100
1270,2,Walking,1498141399110,1498141409100
1271,2,Walking,1498141409110,1498141419100
1272,2,Walking,1498141419110,1498141429100
1273,2,Walking,1498141429110,1498141439100
1274,2,Walking,1498141439110,1498141449100
1275,2,Walking,1498141449110,1498141459100
1276,2,Walking,1498141459110,1498141469100
1277,2,Walking,1498141469110,1498141479100
1278,2,Walking,1498141479110,1498141489100
1279,2,Walking,1498141489110,1498141499100
1280,2,Walking,1498141499110,1498141509100
1281,2,Walking,1498141509110,1498141519100
1282,2,Walking,1498141519110,1498141529100
1283,2,Walking,1498141529110,1498141539100
1284,2,Walking,1498141539110,1498141549100
1285,2,Walking,1498141549110,1498141559100
1286,2,Walking,1498141559110,1498141569100
1287,2,Walking,1498141569110,1498141579100
1288,2,Walking,1498141579110,1498141589100
1289,2,Walking,1498141589110,1498141599100
1290,2,Walking,1498141599110,1498141609100
1291,2,Walking,1498141609110,1498141619100
1292,2,Walking,1498141619110,1498141629100
1293,2,Walking,1498141629110,1498141639100
1294,2,Walking,1498141639110,1498141649100
1295,2,Walking,1498141649110,1498141659100
1296,2,Walking,1498141659110,1498141669100
1297,2,Walking,1498141669110,1498141679100
1298,2,Walking,1498141679110,1498141689100
1299,2,Walking,1498141689110,1498141699100
1300,2,Walking,1498141699110,1498141709100
1301,2,Walking,1498141709110,1498141719100
1302,2,Walking,1498141719110,1498141729100
1303,2,Walking,1498141729110,1498141739100
1304,2,Walking,1498141739110,1498141749100
1305,2,Walking,1498141749110,1498141759100
1306,2,Walking,1498141759110,1498141769100
1307,2,Walking,1498141769110,1498141779100
1308,2,Walking,1498141779110,1498141789100
1309,2,Walking,1498141789110,1498141799100
1310,2,Walking,1498141799110,1498143818850
1311,2,Walking,1498143818860,1498143828850
1312,2,Walking,1498143828860,1498143838850
1313,2,Walking,1498143838860,1498143848850
1314,2,Walking,1498143848860,1498143858850
1315,2,Walking,1498143858860,1498143868850
1316,2,Walking,1498143868860,1498143878850
1317,2,Walking,1498143878860,1498143888850
1318,2,Walking,1498143888860,1498143898850
1319,2,Walking,1498143898860,1498143908850
1320,2,Walking,1498143908860,1498143918850
1321,2,Walking,1498143918860,1498143928850
1322,2,Walking,1498143928860,1498143938850
1323,2,Walking,1498143938860,1498143948850
1324,2,Walking,1498143948860,1498143958850
1325,2,Walking,1498143958860,1498143968850
1326,2,Walking,1498143968860,1498143978850
1327,2,Walking,1498143978860,1498143988850
1328,2,Walking,1498143988860,1498143998850
1329,2,Walking,1498143998860,1498144008850
1330,2,Walking,1498144008860,1498144018850
1331,2,Walking,1498144018860,1498144028850
1332,2,Walking,1498144028860,1498144038850
1333,2,Walking,1498144038860,1498144048850
1334,2,Walking,1498144048860,1498144058850
1335,2,Walking,1498144058860,1498144068850
1336,2,Walking,1498144068860,1498144078850
1337,2,Walking,1498144078860,1498144088850
1338,2,Walking,1498144088860,1498144098850
1339,2,Walking,1498144098860,1498144108850
1340,2,Walking,1498144108860,1498144118850
1341,2,Walking,1498144118860,1498144128850
1342,2,Walking,1498144128860,1498144138850
1343,2,Walking,1498144138860,1498144148850
1344,2,Walking,1498144148860,1498144158850
1345,2,Walking,1498144158860,1498144168850
1346,2,Walking,1498144168860,1498144178850
1347,2,Walking,1498144178860,1498144188850
1348,2,Walking,1498144188860,1498144198850
1349,2,Walking,1498144198860,1498144208850
1350,2,Walking,1498144208860,1498144218850
1351,2,Walking,1498144218860,1498144228850
1352,2,Walking,1498144228860,1498144238850
1353,2,Walking,1498144238860,1498144248850
1354,2,Walking,1498144248860,1498144258850
1355,2,Walking,1498144258860,1498144268850
1356,2,Walking,1498144268860,1498144278850
1357,2,Walking,1498144278860,1498144288850
1358,2,Walking,1498144288860,1498144298850
1359,2,Walking,1498144298860,1498144308850
1360,2,Walking,1498144308860,1498144318850
1361,2,Walking,1498144318860,1498144328850
1362,2,Walking,1498144328860,1498144338850
1363,2,Walking,1498144338860,1498144348850
1364,2,Walking,1498144348860,1498144358850
1365,2,Walking,1498144358860,1498144368850
1366,2,Walking,1498144368860,1498144378850
1367,2,Walking,1498144378860,1498144718770
1368,5,Car,1498144718780,1498144728770
1369,5,Car,1498144728780,1498144738770
1370,5,Car,1498144738780,1498144748770
1371,5,Car,1498144748780,1498144758770
1372,5,Car,1498144758780,1498144768770
1373,5,Car,1498144768780,1498144778770
1374,5,Car,1498144778780,1498144788770
1375,5,Car,1498144788780,1498144798770
1376,5,Car,1498144798780,1498144808770
1377,5,Car,1498144808780,1498144818770
1378,5,Car,1498144818780,1498144828770
1379,5,Car,1498144828780,1498144838770
1380,5,Car,1498144838780,1498144848770
1381,5,Car,1498144848780,1498144858770
1382,5,Car,1498144858780,1498144868770
1383,5,Car,1498144868780,1498144878770
1384,5,Car,1498144878780,1498144888770
1385,5,Car,1498144888780,1498144898770
1386,5,Car,1498144898780,1498144908770
1387,5,Car,1498144908780,1498144918770
1388,5,Car,1498144918780,1498144928770
1389,5,Car,1498144928780,1498144938770
1390,5,Car,1498144938780,1498144948770
1391,5,Car,1498144948780,1498144958770
1392,5,Car,1498144958780,1498144968770
1393,5,Car,1498144968780,1498144978770
1394,5,Car,1498144978780,1498144988770
1395,5,Car,1498144988780,1498144998770
1396,5,Car,1498144998780,1498145008770
1397,5,Car,1498145008780,1498145018770
1398,5,Car,1498145018780,1498145028770
1399,5,Car,1498145028780,1498145038770
1400,5,Car,1498145038780,1498145048770
1401,5,Car,1498145048780,1498145058770
1402,5,Car,1498145058780,1498145068770
1403,5,Car,1498145068780,1498145078770
1404,5,Car,1498145078780,1498145088770
1405,5,Car,1498145088780,1498145098770
1406,5,Car,1498145098780,1498145108770
1407,5,Car,1498145108780,1498145118770
1408,5,Car,1498145118780,1498145128770
1409,5,Car,1498145128780,1498145138770
1410,5,Car,1498145138780,1498145148770
1411,5,Car,1498145148780,1498145158770
1412,5,Car,1498145158780,1498145168770
1413,5,Car,1498145168780,1498145178770
1414,5,Car,1498145178780,1498145188770
1415,5,Car,1498145188780,1498145198770
1416,5,Car,1498145198780,1498145208770
1417,5,Car,1498145208780,1498145218770
1418,5,Car,1498145218780,1498145228770
1419,5,Car,1498145228780,1498145238770
1420,5,Car,1498145238780,1498145248770
1421,5,Car,1498145248780,1498145258770
1422,5,Car,1498145258780,1498145268770
1423,5,Car,1498145268780,1498145278770
1424,5,Car,1498145278780,1498145288770
1425,5,Car,1498145288780,1498145298770
1426,5,Car,1498145298780,1498145308770
1427,5,Car,1498145308780,1498145318770
1428,5,Car,1498145318780,1498145328770
1429,5,Car,1498145328780,1498145338770
1430,5,Car,1498145338780,1498145348770
1431,5,Car,1498145348780,1498145358770
1432,5,Car,1498145358780,1498145368770
1433,5,Car,1498145368780,1498145378770
1434,5,Car,1498145378780,1498145388770
1435,5,Car,1498145388780,1498145398770
1436,5,Car,1498145398780,1498145408770
1437,5,Car,1498145408780,1498145418770
1438,5,Car,1498145418780,1498145428770
1439,5,Car,1498145428780,1498145438770
1440,5,Car,1498145438780,1498145448770
1441,5,Car,1498145448780,1498145458770
1442,5,Car,1498145458780,1498145468770
1443,5,Car,1498145468780,1498145478770
1444,5,Car,1498145478780,1498145488770
1445,5,Car,1498145488780,1498145498770
1446,5,Car,1498145498780,1498145508770
1447,5,Car,1498145508780,1498145518770
1448,5,Car,1498145518780,1498145528770
1449,5,Car,1498145528780,1498145538770
1450,5,Car,1498145538780,1498145548770
1451,5,Car,1498145548780,1498145558770
1452,5,Car,1498145558780,1498145568770
1453,5,Car,1498145568780,1498145578770
1454,5,Car,1498145578780,1498145588770
1455,5,Car,1498145588780,1498145598770
1456,5,Car,1498145598780,1498145608770
1457,5,Car,1498145608780,1498145618770
1458,5,Car,1498145618780,1498145628770
1459,5,Car,1498145628780,1498145638770
1460,5,Car,1498145638780,1498145648770
1461,5,Car,1498145648780,1498145658770
1462,5,Car,1498145658780,1498145668770
1463,5,Car,1498145668780,1498145678770
1464,5,Car,1498145678780,1498145688770
1465,5,Car,1498145688780,1498145698770
1466,5,Car,1498145698780,1498145708770
1467,5,Car,1498145708780,1498145718770
1468,5,Car,1498145718780,1498145728770
1469,5,Car,1498145728780,1498145738770
1470,5,Car,1498145738780,1498145748770
1471,5,Car,1498145748780,1498145758770
1472,5,Car,1498145758780,1498145768770
1473,5,Car,1498145768780,1498145778770
1474,5,Car,1498145778780,1498145788770
1475,5,Car,1498145788780,1498145798770
1476,5,Car,1498145798780,1498145808770
1477,5,Car,1498145808780,1498145818770
1478,5,Car,1498145818780,1498145828770
1479,5,Car,1498145828780,1498145838770
1480,5,Car,1498145838780,1498145848770
1481,5,Car,1498145848780,1498145858770
1482,5,Car,1498145858780,1498145868770
1483,5,Car,1498145868780,1498145878770
1484,5,Car,1498145878780,1498145888770
1485,5,Car,1498145888780,1498145898770
1486,5,Car,1498145898780,1498145908770
1487,5,Car,1498145908780,1498145918770
1488,5,Car,1498145918780,1498145928770
1489,5,Car,1498145928780,1498145938770
1490,5,Car,1498145938780,1498145948770
1491,5,Car,1498145948780,1498145958770
1492,5,Car,1498145958780,1498145968770
1493,5,Car,1498145968780,1498146233300
1494,5,Car,1498146233310,1498146243300
1495,5,Car,1498146243310,1498146253300
1496,5,Car,1498146253310,1498146263300
1497,5,Car,1498146263310,1498146273300
1498,5,Car,1498146273310,1498146283300
1499,5,Car,1498146283310,1498146293300
1500,5,Car,1498146293310,1498146303300
1501,5,Car,1498146303310,1498146313300
1502,5,Car,1498146313310,1498146323300
1503,5,Car,1498146323310,1498146333300
1504,5,Car,1498146333310,1498146343300
1505,5,Car,1498146343310,1498146353300
1506,5,Car,1498146353310,1498146363300
1507,5,Car,1498146363310,1498146373300
1508,5,Car,1498146373310,1498146383300
1509,5,Car,1498146383310,1498146393300
1510,5,Car,1498146393310,1498146403300
1511,5,Car,1498146403310,1498146413300
1512,5,Car,1498146413310,1498146423300
1513,5,Car,1498146423310,1498146433300
1514,5,Car,1498146433310,1498146443300
1515,5,Car,1498146443310,1498146453300
1516,5,Car,1498146453310,1498146463300
1517,5,Car,1498146463310,1498146473300
1518,5,Car,1498146473310,1498146483300
1519,5,Car,1498146483310,1498146493300
1520,5,Car,1498146493310,1498146503300
1521,5,Car,1498146503310,1498146513300
1522,5,Car,1498146513310,1498146523300
1523,5,Car,1498146523310,1498146533300
1524,5,Car,1498146533310,1498146543300
1525,5,Car,1498146543310,1498147662540
1526,5,Car,1498147662550,1498147672540
1527,5,Car,1498147672550,1498147682540
1528,5,Car,1498147682550,1498147692540
1529,5,Car,1498147692550,1498147702540
1530,5,Car,1498147702550,1498147712540
1531,5,Car,1498147712550,1498147722540
1532,5,Car,1498147722550,1498147732540
1533,5,Car,1498147732550,1498147742540
1534,5,Car,1498147742550,1498147752540
1535,5,Car,1498147752550,1498147762540
1536,5,Car,1498147762550,1498147772540
1537,5,Car,1498147772550,1498147782540
1538,5,Car,1498147782550,1498147792540
1539,5,Car,1498147792550,1498147802540
1540,5,Car,1498147802550,1498147812540
1541,5,Car,1498147812550,1498147822540
1542,5,Car,1498147822550,1498147832540
1543,5,Car,1498147832550,1498147842540
1544,5,Car,1498147842550,1498147852540
1545,5,Car,1498147852550,1498147862540
1546,5,Car,1498147862550,1498147872540
1547,5,Car,1498147872550,1498147882540
1548,5,Car,1498147882550,1498147892540
1549,5,Car,1498147892550,1498147902540
1550,5,Car,1498147902550,1498147912540
1551,5,Car,1498147912550,1498147922540
1552,5,Car,1498147922550,1498147932540
1553,5,Car,1498147932550,1498147942540
1554,5,Car,1498147942550,1498147952540
1555,5,Car,1498147952550,1498147962540
1556,5,Car,1498147962550,1498147972540
1557,5,Car,1498147972550,1498147982540
1558,5,Car,1498147982550,1498149178150
1559,3,Run,1498149178160,1498149188150
1560,3,Run,1498149188160,1498149198150
1561,3,Run,1498149198160,1498149208150
1562,3,Run,1498149208160,1498149218150
1563,3,Run,1498149218160,1498149228150
1564,3,Run,1498149228160,1498149238150
1565,3,Run,1498149238160,1498149248150
1566,3,Run,1498149248160,1498149258150
1567,3,Run,1498149258160,1498149268150
1568,3,Run,1498149268160,1498149278150
1569,3,Run,1498149278160,1498149288150
1570,3,Run,1498149288160,1498149298150
1571,3,Run,1498149298160,1498149308150
1572,3,Run,1498149308160,1498149318150
1573,3,Run,1498149318160,1498149328150
1574,3,Run,1498149328160,1498149338150
1575,3,Run,1498149338160,1498149348150
1576,3,Run,1498149348160,1498149358150
1577,3,Run,1498149358160,1498149368150
1578,3,Run,1498149368160,1498149378150
1579,3,Run,1498149378160,1498149388150
1580,3,Run,1498149388160,1498149398150
1581,3,Run,1498149398160,1498149408150
1582,3,Run,1498149408160,1498149418150
1583,3,Run,1498149418160,1498149428150
1584,3,Run,1498149428160,1498149438150
1585,3,Run,1498149438160,1498149448150
1586,3,Run,1498149448160,1498149458150
1587,3,Run,1498149458160,1498149468150
1588,3,Run,1498149468160,1498149478150
1589,3,Run,1498149478160,1498149488150
1590,3,Run,1498149488160,1498149498150
1591,3,Run,1498149498160,1498149508150
1592,3,Run,1498149508160,1498149518150
1593,3,Run,1498149518160,1498149528150
1594,3,Run,1498149528160,1498149538150
1595,3,Run,1498149538160,1498149548150
1596,3,Run,1498149548160,1498149558150
1597,3,Run,1498149558160,1498149568150
1598,3,Run,1498149568160,1498149578150
1599,3,Run,1498149578160,1498149588150
1600,3,Run,1498149588160,1498149598150
1601,3,Run,1498149598160,1498149608150
1602,3,Run,1498149608160,1498149618150
1603,3,Run,1498149618160,1498149628150
1604,3,Run,1498149628160,1498149638150
1605,3,Run,1498149638160,1498149648150
1606,3,Run,1498149648160,1498149658150
1607,3,Run,1498149658160,1498149668150
1608,3,Run,1498149668160,1498149678150
1609,3,Run,1498149678160,1498149688150
1610,3,Run,1498149688160,1498149698150
1611,3,Run,1498149698160,1498149708150
1612,3,Run,1498149708160,1498149718150
1613,3,Run,1498149718160,1498149728150
1614,3,Run,1498149728160,1498149738150
1615,3,Run,1498149738160,1498149748150
1616,3,Run,1498149748160,1498149758150
1617,3,Run,1498149758160,1498149768150
1618,3,Run,1498149768160,1498149778150
1619,3,Run,1498149778160,1498149788150
1620,3,Run,1498149788160,1498149798150
1621,3,Run,1498149798160,1498149808150
1622,3,Run,1498149808160,1498149818150
1623,3,Run,1498149818160,1498149828150
1624,3,Run,1498149828160,1498149838150
1625,3,Run,1498149838160,1498149848150
1626,3,Run,1498149848160,1498149858150
1627,3,Run,1498149858160,1498149868150
1628,3,Run,1498149868160,1498149878150
1629,3,Run,1498149878160,1498149888150
1630,3,Run,1498149888160,1498149898150
1631,3,Run,1498149898160,1498149908150
1632,3,Run,1498149908160,1498149918150
1633,3,Run,1498149918160,1498149928150
1634,3,Run,1498149928160,1498149938150
1635,3,Run,1498149938160,1498149948150
1636,3,Run,1498149948160,1498149958150
1637,3,Run,1498149958160,1498149968150
1638,3,Run,1498149968160,1498149978150
1639,3,Run,1498149978160,1498149988150
1640,3,Run,1498149988160,1498149998150
1641,3,Run,1498149998160,1498150008150
1642,3,Run,1498150008160,1498150018150
1643,3,Run,1498150018160,1498150028150
1644,3,Run,1498150028160,1498150038150
1645,3,Run,1498150038160,1498150048150
1646,3,Run,1498150048160,1498150058150
1647,3,Run,1498150058160,1498150068150
1648,3,Run,1498150068160,1498150078150
1649,3,Run,1498150078160,1498150088150
1650,3,Run,1498150088160,1498150098150
1651,3,Run,1498150098160,1498150108150
1652,3,Run,1498150108160,1498150118150
1653,3,Run,1498150118160,1498150128150
1654,3,Run,1498150128160,1498150138150
1655,3,Run,1498150138160,1498150148150
1656,3,Run,1498150148160,1498150158150
1657,3,Run,1498150158160,1498150168150
1658,3,Run,1498150168160,1498150178150
1659,3,Run,1498150178160,1498150188150
1660,3,Run,1498150188160,1498150198150
1661,3,Run,1498150198160,1498150208150
1662,3,Run,1498150208160,1498150218150
1663,3,Run,1498150218160,1498150228150
1664,3,Run,1498150228160,1498150238150
1665,3,Run,1498150238160,1498150248150
1666,3,Run,1498150248160,1498150258150
1667,3,Run,1498150258160,1498150268150
1668,3,Run,1498150268160,1498150278150
1669,3,Run,1498150278160,1498150288150
1670,3,Run,1498150288160,1498150298150
1671,3,Run,1498150298160,1498150308150
1672,3,Run,1498150308160,1498150318150
1673,3,Run,1498150318160,1498150328150
1674,3,Run,1498150328160,1498150338150
1675,3,Run,1498150338160,1498150348150
1676,3,Run,1498150348160,1498150358150
1677,3,Run,1498150358160,1498150368150
1678,3,Run,1498150368160,1498150378150
1679,3,Run,1498150378160,1498150388150
1680,3,Run,1498150388160,1498150398150
1681,3,Run,1498150398160,1498150423540
1682,2,Walking,1498150423550,1498150433540
1683,2,Walking,1498150433550,1498150443540
1684,2,Walking,1498150443550,1498150453540
1685,2,Walking,1498150453550,1498150463540
1686,2,Walking,1498150463550,1498150473540
1687,2,Walking,1498150473550,1498150483540
1688,2,Walking,1498150483550,1498150493540
1689,2,Walking,1498150493550,1498150503540
1690,2,Walking,1498150503550,1498150513540
1691,2,Walking,1498150513550,1498150523540
1692,2,Walking,1498150523550,1498150533540
1693,2,Walking,1498150533550,1498150543540
1694,2,Walking,1498150543550,1498150553540
1695,2,Walking,1498150553550,1498150563540
1696,2,Walking,1498150563550,1498150573540
1697,2,Walking,1498150573550,1498150583540
1698,2,Walking,1498150583550,1498150593540
1699,2,Walking,1498150593550,1498150603540
1700,2,Walking,1498150603550,1498150613540
1701,2,Walking,1498150613550,1498150623540
1702,2,Walking,1498150623550,1498150633540
1703,2,Walking,1498150633550,1498150643540
1704,2,Walking,1498150643550,1498150653540
1705,2,Walking,1498150653550,1498150663540
1706,2,Walking,1498150663550,1498150673540
1707,2,Walking,1498150673550,1498150683540
1708,2,Walking,1498150683550,1498150693540
1709,2,Walking,1498150693550,1498150703540
1710,2,Walking,1498150703550,1498150713540
1711,2,Walking,1498150713550,1498150723540
1712,2,Walking,1498150723550,1498150733540
1713,2,Walking,1498150733550,1498150743540
1714,2,Walking,1498150743550,1498162618530
1715,5,Car,1498162618540,1498162628530
1716,5,Car,1498162628540,1498162638530
1717,5,Car,1498162638540,1498162648530
1718,5,Car,1498162648540,1498162658530
1719,5,Car,1498162658540,1498162668530
1720,5,Car,1498162668540,1498162678530
1721,5,Car,1498162678540,1498162688530
1722,5,Car,1498162688540,1498162698530
1723,5,Car,1498162698540,1498162708530
1724,5,Car,1498162708540,1498162718530
1725,5,Car,1498162718540,1498162728530
1726,5,Car,1498162728540,1498162738530
1727,5,Car,1498162738540,1498162748530
1728,5,Car,1498162748540,1498162758530
1729,5,Car,1498162758540,1498162768530
1730,5,Car,1498162768540,1498162778530
1731,5,Car,1498162778540,1498162788530
1732,5,Car,1498162788540,1498162798530
1733,5,Car,1498162798540,1498162808530
1734,5,Car,1498162808540,1498162818530
1735,5,Car,1498162818540,1498162828530
1736,5,Car,1498162828540,1498162838530
1737,5,Car,1498162838540,1498162848530
1738,5,Car,1498162848540,1498162858530
1739,5,Car,1498162858540,1498162868530
1740,5,Car,1498162868540,1498162878530
1741,5,Car,1498162878540,1498162888530
1742,5,Car,1498162888540,1498162898530
1743,5,Car,1498162898540,1498162908530
1744,5,Car,1498162908540,1498162918530
1745,5,Car,1498162918540,1498162928530
1746,5,Car,1498162928540,1498162938530
1747,5,Car,1498162938540,1498162948530
1748,5,Car,1498162948540,1498162958530
1749,5,Car,1498162958540,1498162968530
1750,5,Car,1498162968540,1498162978530
1751,5,Car,1498162978540,1498162988530
1752,5,Car,1498162988540,1498162998530
1753,5,Car,1498162998540,1498163008530
1754,5,Car,1498163008540,1498163018530
1755,5,Car,1498163018540,1498163028530
1756,5,Car,1498163028540,1498163038530
1757,5,Car,1498163038540,1498163048530
1758,5,Car,1498163048540,1498163058530
1759,5,Car,1498163058540,1498163068530
1760,5,Car,1498163068540,1498163078530
1761,5,Car,1498163078540,1498163088530
1762,5,Car,1498163088540,1498163098530
1763,5,Car,1498163098540,1498163108530
1764,5,Car,1498163108540,1498163118530
1765,5,Car,1498163118540,1498163128530
1766,5,Car,1498163128540,1498163138530
1767,5,Car,1498163138540,1498163148530
1768,5,Car,1498163148540,1498163158530
1769,5,Car,1498163158540,1498163168530
1770,5,Car,1498163168540,1498163178530
1771,5,Car,1498163178540,1498163188530
1772,5,Car,1498163188540,1498163198530
1773,5,Car,1498163198540,1498163208530
1774,5,Car,1498163208540,1498163218530
1775,5,Car,1498163218540,1498163228530
1776,5,Car,1498163228540,1498163238530
1777,5,Car,1498163238540,1498163248530
1778,5,Car,1498163248540,1498163258530
1779,5,Car,1498163258540,1498163268530
1780,5,Car,1498163268540,1498163278530
1781,5,Car,1498163278540,1498163288530
1782,5,Car,1498163288540,1498163298530
1783,5,Car,1498163298540,1498163308530
1784,5,Car,1498163308540,1498163318530
1785,5,Car,1498163318540,1498163328530
1786,5,Car,1498163328540,1498163338530
1787,5,Car,1498163338540,1498163348530
1788,5,Car,1498163348540,1498163358530
1789,5,Car,1498163358540,1498163398420
1790,5,Car,1498163398430,1498163408420
1791,5,Car,1498163408430,1498163418420
1792,5,Car,1498163418430,1498163428420
1793,5,Car,1498163428430,1498163438420
1794,5,Car,1498163438430,1498163448420
1795,5,Car,1498163448430,1498163458420
1796,5,Car,1498163458430,1498163468420
1797,5,Car,1498163468430,1498163478420
1798,5,Car,1498163478430,1498163488420
1799,5,Car,1498163488430,1498163498420
1800,5,Car,1498163498430,1498163508420
1801,5,Car,1498163508430,1498163518420
1802,5,Car,1498163518430,1498163528420
1803,5,Car,1498163528430,1498163538420
1804,5,Car,1498163538430,1498163548420
1805,5,Car,1498163548430,1498163558420
1806,5,Car,1498163558430,1498163568420
1807,5,Car,1498163568430,1498163578420
1808,5,Car,1498163578430,1498163588420
1809,5,Car,1498163588430,1498163598420
1810,5,Car,1498163598430,1498163608420
1811,5,Car,1498163608430,1498163618420
1812,5,Car,1498163618430,1498163628420
1813,5,Car,1498163628430,1498163638420
1814,5,Car,1498163638430,1498163648420
1815,5,Car,1498163648430,1498163658420
1816,5,Car,1498163658430,1498163668420
1817,5,Car,1498163668430,1498163678420
1818,5,Car,1498163678430,1498163688420
1819,5,Car,1498163688430,1498163698420
1820,5,Car,1498163698430,1498163708420
1821,5,Car,1498163708430,1498163718420
1822,5,Car,1498163718430,1498163728420
1823,5,Car,1498163728430,1498163738420
1824,5,Car,1498163738430,1498163748420
1825,5,Car,1498163748430,1498163758420
