Tone,Frequency (Hz),Magnitude
0,12.5,3.991661199842705
0,25.0,3.99585963728873
0,37.5,4.002876119963348
0,50.0,4.012739475915112
0,62.5,4.02549046342415
0,75.0,4.041182178763107
0,87.5,4.059880593269385
0,100.0,4.081665229818146
0,112.5,4.106629991688352
0,125.0,4.134884160047785
0,137.5,4.1665535800351075
0,150.0,4.201782059917371
0,162.5,4.240733012984599
0,175.0,4.28359137821783
0,187.5,4.330565863360528
0,200.0,4.381891563257459
0,212.5,4.437833017809002
0,225.0,4.4986877877291365
0,237.5,4.564790643891403
0,250.0,4.636518487632385
0,262.5,4.71429614679085
0,275.0,4.798603226832605
0,287.5,4.88998224039833
0,300.0,4.989048295231073
0,312.5,5.096500693288507
0,325.0,5.213136889065011
0,337.5,5.339869379808233
0,350.0,5.477746265646004
0,362.5,5.627976438336539
0,375.0,5.791960655328612
0,387.5,5.971330161943912
0,400.0,6.167995084542456
0,412.5,6.384205598966396
0,425.0,6.6226299832468625
0,437.5,6.886455247054695
0,450.0,7.179518335226676
0,462.5,7.506479313167047
0,475.0,7.873053080716977
0,487.5,8.286324059368168
0,500.0,8.755180706424035
0,512.5,9.29092668472304
0,525.0,9.90815855660713
0,537.5,10.626056215040178
0,550.0,11.470331729557545
0,562.5,12.476264945023889
0,575.0,13.693605268125586
0,587.5,15.194830889743791
0,600.0,17.08979406093527
0,612.5,19.553365204043462
0,625.0,22.881873059713893
0,637.5,27.620687989503928
0,650.0,34.89539580929076
0,662.5,47.46291496724997
0,675.0,74.34596812812775
0,687.5,172.05548830871754
0,700.0,544.7471318272562
0,712.5,105.46964283980724
0,725.0,58.43460557632399
0,737.5,40.45530476283816
0,750.0,30.97404932089393
0,762.5,25.126083278992528
0,775.0,21.165121062937647
0,787.5,18.309710141732744
0,800.0,16.15777645936562
0,812.5,14.481335419844047
0,825.0,13.141489660078378
0,837.5,12.048801942507204
0,850.0,11.143093378814948
0,862.5,10.382396831992883
0,875.0,9.736565098593703
0,887.5,9.183395893235348
0,900.0,8.706188855767325
0,912.5,8.292153187689996
0,925.0,7.931339530838777
0,937.5,7.615905423797949
0,950.0,7.339599045222845
0,962.5,7.09738939149491
0,975.0,6.885196898948292
0,987.5,6.6996943716794926
0,1000.0,6.538158045843686
0,1012.5,6.398355041666461
0,1025.0,6.278457679154552
0,1037.5,6.176977970514295
0,1050.0,6.092717545433022
0,1062.5,6.024729623068734
0,1075.0,5.97229061452125
0,1087.5,5.934879650732934
0,1100.0,5.912164870091868
0,1112.5,5.903995728232635
0,1125.0,5.910400953930032
0,1137.5,5.931592105006305
0,1150.0,5.967973008083915
0,1162.5,6.020155727564546
0,1175.0,6.088984138924255
0,1187.5,6.175566726399254
0,1200.0,6.281320951072242
0,1212.5,6.408032537591384
0,1225.0,6.55793445185751
0,1237.5,6.733812414034164
0,1250.0,6.93914687319066
0,1262.5,7.178306054128923
0,1275.0,7.456811968346769
0,1287.5,7.781712875374313
0,1300.0,8.162114635901426
0,1312.5,8.609955309375456
0,1325.0,9.141162872435975
0,1337.5,9.777436229826822
0,1350.0,10.54907882419641
0,1362.5,11.499689112660993
0,1375.0,12.69430069595314
0,1387.5,14.234344553991377
0,1400.0,16.287185670477342
0,1412.5,19.150005390652257
0,1425.0,23.405822691520022
0,1437.5,30.375759412030515
0,1450.0,43.8275991381403
0,1462.5,80.52172185937737
0,1475.0,576.2296026110954
0,1487.5,108.37982548068696
0,1500.0,48.87455820814649
0,1512.5,31.290273341412156
0,1525.0,22.875532415069834
0,1537.5,17.946236771146946
0,1550.0,14.711533076627076
0,1562.5,12.427872052607302
0,1575.0,10.731083605841382
0,1587.5,9.421794730461183
0,1600.0,8.38169023346103
0,1612.5,7.536123678788979
0,1625.0,6.835675543695153
0,1637.5,6.246329105657728
0,1650.0,5.7439053773390025
0,1662.5,5.310748101435915
0,1675.0,4.933664458093018
0,1687.5,4.602599511805736
0,1700.0,4.309756493582584
0,1712.5,4.048997266643862
0,1725.0,3.81542411914249
0,1737.5,3.6050819762593123
0,1750.0,3.4147424346390483
0,1762.5,3.2417445413081554
0,1775.0,3.0838756547204818
0,1787.5,2.9392810918985055
0,1800.0,2.8063947629564128
0,1812.5,2.683885318829929
0,1825.0,2.5706139111287882
0,1837.5,2.465600745200167
0,1850.0,2.367998363251886
0,1862.5,2.277070129636516
0,1875.0,2.1921727742752775
0,1887.5,2.112742128946672
0,1900.0,2.038281395738402
0,1912.5,1.968351438676586
0,1925.0,1.9025627031713135
0,1937.5,1.8405684538371452
0,1950.0,1.7820590866045558
0,1962.5,1.7267573213854095
0,1975.0,1.6744141204468184
0,1987.5,1.6248052079777637
0,2000.0,1.577728090184777
0,2012.5,1.532999494016642
0,2025.0,1.4904531575864306
0,2037.5,1.4499379173370432
0,2050.0,1.411316046542219
0,2062.5,1.3744618075055102
0,2075.0,1.339260186178201
0,2087.5,1.3056057829459022
0,2100.0,1.2734018376432759
0,2112.5,1.242559370233372
0,2125.0,1.2129964215376166
0,2137.5,1.184637380675834
0,2150.0,1.1574123879642493
0,2162.5,1.1312568035587809
0,2175.0,1.1061107336024252
0,2187.5,1.0819186067694795
0,2200.0,1.0586287950769664
0,2212.5,1.0361932736693584
0,2225.0,1.0145673150136945
0,2237.5,0.9937092135166855
0,2250.0,0.9735800371117103
0,2262.5,0.9541434027890543
0,2275.0,0.9353652734278569
0,2287.5,0.9172137736368678
0,2300.0,0.8996590225418014
0,2312.5,0.8826729817573004
0,2325.0,0.866229316964313
0,2337.5,0.850303271678984
0,2350.0,0.8348715520150423
0,2362.5,0.819912221306536
0,2375.0,0.8054046036942683
0,2387.5,0.7913291956725887
0,2400.0,0.7776675850301054
0,2412.5,0.7644023762831049
0,2425.0,0.7515171221550244
0,2437.5,0.7389962604566799
0,2450.0,0.726825055909203
0,2462.5,0.7149895464757742
0,2475.0,0.7034764937657395
0,2487.5,0.6922733372052892
0,2500.0,0.6813681516017773
0,2512.5,0.6707496078437214
0,2525.0,0.6604069364617835
0,2537.5,0.650329893806124
0,2550.0,0.6405087306315635
0,2562.5,0.6309341628923093
0,2575.0,0.6215973445702244
0,2587.5,0.6124898423713526
0,2600.0,0.6036036121388152
0,2612.5,0.5949309768590714
0,2625.0,0.5864646061337075
0,2637.5,0.5781974970017313
0,2650.0,0.5701229560073685
0,2662.5,0.5622345824351435
0,2675.0,0.5545262526092839
0,2687.5,0.5469921051886678
0,2700.0,0.5396265273803962
0,2712.5,0.532424142008797
0,2725.0,0.5253797953789675
0,2737.5,0.5184885458766294
0,2750.0,0.5117456532560012
0,2762.5,0.5051465685640499
0,2775.0,0.49868692466411296
0,2787.5,0.49236252730459557
0,2800.0,0.4861693467201108
0,2812.5,0.4801035096989994
0,2825.0,0.47416129211796354
0,2837.5,0.4683391118811151
0,2850.0,0.4626335222698729
0,2862.5,0.45704120565070794
0,2875.0,0.4515589675306134
0,2887.5,0.44618373093870317
0,2900.0,0.44091253111041123
0,2912.5,0.43574251045219803
0,2925.0,0.4306709137774109
0,2937.5,0.4256950837956953
0,2950.0,0.4208124568239953
0,2962.5,0.4160205587405551
0,2975.0,0.41131700112645586
0,2987.5,0.40669947761481484
0,3000.0,0.4021657604239401
0,3012.5,0.3977136970560309
0,3025.0,0.39334120716896975
0,3037.5,0.38904627959847937
0,3050.0,0.384826969524804
0,3062.5,0.38068139577940213
0,3075.0,0.3766077382763449
0,3087.5,0.3726042355739622
0,3100.0,0.3686691825454155
0,3112.5,0.36480092816394255
0,3125.0,0.36099787338372885
0,3137.5,0.3572584691282838
0,3150.0,0.35358121436729284
0,3162.5,0.3499646542780473
0,3175.0,0.34640737849624753
0,3187.5,0.34290801943971855
0,3200.0,0.33946525071052347
0,3212.5,0.33607778557082246
0,3225.0,0.3327443754763633
0,3237.5,0.32946380868002706
0,3250.0,0.3262349088994072
0,3262.5,0.32305653404400897
0,3275.0,0.31992757497097646
0,3287.5,0.31684695433543386
0,3300.0,0.3138136254557795
0,3312.5,0.31082657124254043
0,3325.0,0.3078848031660581
0,3337.5,0.30498736026811607
0,3350.0,0.30213330822080686
0,3362.5,0.29932173840661946
0,3375.0,0.29655176705637676
0,3387.5,0.2938225344106064
0,3400.0,0.2911332039098922
0,3412.5,0.28848296143284774
0,3425.0,0.28587101454957325
0,3437.5,0.28329659181154304
0,3450.0,0.28075894206732444
0,3462.5,0.27825733380441314
0,3475.0,0.2757910545183627
0,3487.5,0.2733594101066946
0,3500.0,0.2709617242779584
0,3512.5,0.26859733799781016
0,3525.0,0.26626560893542683
0,3537.5,0.2639659109555544
0,3550.0,0.2616976336086564
0,3562.5,0.25946018164667617
0,3575.0,0.2572529745626573
0,3587.5,0.25507544613620403
0,3600.0,0.25292704400554494
0,3612.5,0.2508072292494199
0,3625.0,0.24871547598192292
0,3637.5,0.24665127096884076
0,3650.0,0.24461411325276153
0,3662.5,0.24260351379077724
0,3675.0,0.2406189951073043
0,3687.5,0.23866009095953003
0,3700.0,0.2367263460082482
0,3712.5,0.23481731551205248
0,3725.0,0.2329325650158542
0,3737.5,0.23107167006872917
0,3750.0,0.22923421593248722
0,3762.5,0.22741979731162373
0,3775.0,0.22562801809467517
0,3787.5,0.22385849109251024
0,3800.0,0.22211083779339036
0,3812.5,0.2203846881266641
0,3825.0,0.21867968023209197
0,3837.5,0.2169954602347507
0,3850.0,0.21533168203165717
0,3862.5,0.2136880070796462
0,3875.0,0.21206410419455138
0,3887.5,0.2104596493581634
0,3900.0,0.20887432552492496
0,3912.5,0.2073078224407892
0,3925.0,0.20575983646403778
0,3937.5,0.20423007039266453
0,3950.0,0.20271823330076766
0,3962.5,0.20122404037215405
0,3975.0,0.19974721274726998
0,3987.5,0.1982874773693919
0,4000.0,0.19684456683819332
0,4012.5,0.1954182192666982
0,4025.0,0.19400817814253868
0,4037.5,0.19261419219256892
0,4050.0,0.191236015254856
0,4062.5,0.18987340615178594
0,4075.0,0.18852612856436543
0,4087.5,0.1871939509169028
0,4100.0,0.18587664625712025
0,4112.5,0.18457399215161047
0,4125.0,0.183285770566277
0,4137.5,0.18201176776866826
0,4150.0,0.18075177422267816
0,4162.5,0.17950558448735607
0,4175.0,0.17827299712024186
0,4187.5,0.17705381458566316
0,4200.0,0.17584784316019622
0,4212.5,0.17465489284464944
0,4225.0,0.17347477727819446
0,4237.5,0.1723073136535962
0,4250.0,0.17115232263435454
0,4262.5,0.17000962827797106
0,4275.0,0.1688790579554535
0,4287.5,0.16776044227716017
0,4300.0,0.16665361502134837
0,4312.5,0.16555841306109792
0,4325.0,0.1644746762955632
0,4337.5,0.16340224758123742
0,4350.0,0.1623409726694537
0,4362.5,0.16129070013925476
0,4375.0,0.1602512813376629
0,4387.5,0.15922257031711892
0,4400.0,0.15820442377768873
0,4412.5,0.15719670101081504
0,4425.0,0.1561992638403883
0,4437.5,0.15521197657078473
0,4450.0,0.15423470593289335
0,4462.5,0.15326732103315033
0,4475.0,0.15230969330182825
0,4487.5,0.15136169644560035
0,4500.0,0.1504232063990519
0,4512.5,0.14949410127712967
0,4525.0,0.14857426133122004
0,4537.5,0.14766356890400278
0,4550.0,0.14676190838695122
0,4562.5,0.14586916617716422
0,4575.0,0.14498523063801114
0,4587.5,0.14410999205703592
0,4600.0,0.14324334260897637
0,4612.5,0.14238517631458153
0,4625.0,0.14153538900848636
0,4637.5,0.1406938782982293
0,4650.0,0.13986054353133426
0,4662.5,0.13903528575887084
0,4675.0,0.1382180077048292
0,4687.5,0.13740861373022592
0,4700.0,0.13660700980361037
0,4712.5,0.13581310346713524
0,4725.0,0.13502680380790372
0,4737.5,0.13424802142597997
0,4750.0,0.13347666840902425
0,4762.5,0.1327126582999895
0,4775.0,0.13195590607226645
0,4787.5,0.13120632809912097
0,4800.0,0.1304638421306678
0,4812.5,0.12972836726560424
0,4825.0,0.12899982392754322
0,4837.5,0.1282781338392169
0,4850.0,0.12756321999780193
0,4862.5,0.12685500665290764
0,4875.0,0.1261534192822315
0,4887.5,0.12545838456983
0,4900.0,0.12476983038433721
0,4912.5,0.12408768575381166
0,4925.0,0.12341188085125641
0,4937.5,0.1227423469678418
0,4950.0,0.12207901649687085
0,4962.5,0.12142182291060111
0,4975.0,0.1207707007445036
0,4987.5,0.1201255855749488
0,5000.0,0.11948641400812782
0,5012.5,0.11885312364704981
0,5025.0,0.11822565309049389
0,5037.5,0.11760394190657221
0,5050.0,0.1169879306179618
0,5062.5,0.11637756068486063
0,5075.0,0.11577277448997847
0,5087.5,0.11517351532136713
0,5100.0,0.11457972735697555
0,5112.5,0.1139913556523864
0,5125.0,0.1134083461218187
0,5137.5,0.11283064552522866
0,5150.0,0.11225820145582717
0,5162.5,0.11169096232325126
0,5175.0,0.11112887734276924
0,5187.5,0.11057189651843188
0,5200.0,0.11001997063381008
0,5212.5,0.10947305123816775
0,5225.0,0.10893109063047414
0,5237.5,0.10839404185252785
0,5250.0,0.10786185867252587
0,5262.5,0.10733449557602885
0,5275.0,0.10681190775304296
0,5287.5,0.10629405108753821
0,5300.0,0.10578088214488209
0,5312.5,0.1052723581627784
0,5325.0,0.10476843703910585
0,5337.5,0.10426907732311738
0,5350.0,0.10377423820384804
0,5362.5,0.10328387950022039
0,5375.0,0.10279796165207383
0,5387.5,0.10231644570943599
0,5400.0,0.10183929332395275
0,5412.5,0.10136646673822214
0,5425.0,0.10089792877930275
0,5437.5,0.10043364284684528
0,5450.0,0.09997357290715221
0,5462.5,0.09951768348108435
0,5475.0,0.09906593963982284
0,5487.5,0.09861830699287029
0,5500.0,0.09817475168229008
0,5512.5,0.09773524037452798
0,5525.0,0.09729974025056184
0,5537.5,0.09686821900081702
0,5550.0,0.09644064481710127
0,5562.5,0.09601698638682456
0,5575.0,0.095597212877966
0,5587.5,0.095181293940413
0,5600.0,0.09476919969582684
0,5612.5,0.09436090073230088
0,5625.0,0.0939563680972573
0,5637.5,0.09355557328968889
0,5650.0,0.09315848825219056
0,5662.5,0.09276508536703781
0,5675.0,0.09237533744974846
0,5687.5,0.09198921774258423
0,5700.0,0.09160669990813043
0,5712.5,0.09122775802443042
0,5725.0,0.09085236657691423
0,5737.5,0.09048050045486478
0,5750.0,0.0901121349441097
0,5762.5,0.08974724572267916
0,5775.0,0.089385808857266
0,5787.5,0.08902780079287319
0,5800.0,0.08867319835128823
0,5812.5,0.08832197872178557
0,5825.0,0.08797411946150165
0,5837.5,0.08762959848929135
0,5850.0,0.08728839407899365
0,5862.5,0.0869504848539886
0,5875.0,0.08661584978133555
0,5887.5,0.08628446817383606
0,5900.0,0.08595631967477645
0,5912.5,0.08563138426645625
0,5925.0,0.08530964225260375
0,5937.5,0.08499107426177337
0,5950.0,0.08467566124158771
0,5962.5,0.08436338445252271
0,5975.0,0.08405422546724121
0,5987.5,0.08374816616193258
0,6000.0,0.0834451887153652
0,6012.5,0.08314527560416672
0,6025.0,0.08284840959812384
0,6037.5,0.08255457375874031
0,6050.0,0.08226375143032691
0,6062.5,0.08197592624210384
0,6075.0,0.08169108209841286
0,6087.5,0.08140920318135286
0,6100.0,0.0811302739419759
0,6112.5,0.08085427909837134
0,6125.0,0.0805812036339271
0,6137.5,0.08031103279066873
0,6150.0,0.08004375206916414
0,6162.5,0.07977934722209455
0,6175.0,0.07951780425190791
0,6187.5,0.079259109408055
0,6200.0,0.07900324918272529
0,6212.5,0.07875021030872828
0,6225.0,0.0784999797569963
0,6237.5,0.07825254473035312
0,6250.0,0.07800789266296265
0,6262.5,0.07776601121525098
0,6275.0,0.0775268882723126
0,6287.5,0.07729051194224605
0,6300.0,0.077056870549509
0,6312.5,0.07682595263920745
0,6325.0,0.07659774696284716
0,6337.5,0.07637224248397956
0,6350.0,0.07614942837131534
0,6362.5,0.07592929400180248
0,6375.0,0.07571182895057244
0,6387.5,0.07549702299339328
0,6400.0,0.07528486610056175
0,6412.5,0.07507534843435873
0,6425.0,0.07486846034951462
0,6437.5,0.07466419238752146
0,6450.0,0.07446253527943991
0,6462.5,0.07426347993475015
0,6475.0,0.07406701744360976
0,6487.5,0.0738731390740638
0,6500.0,0.07368183626858599
0,6512.5,0.07349310064735083
0,6525.0,0.07330692399751569
0,6537.5,0.0731232982753756
0,6550.0,0.0729422156025541
0,6562.5,0.0727636682631094
0,6575.0,0.0725876487041127
0,6587.5,0.07241414953082417
0,6600.0,0.07224316350577116
0,6612.5,0.07207468354486626
0,6625.0,0.07190870271713475
0,6637.5,0.07174521424088444
0,6650.0,0.07158421148384027
0,6662.5,0.07142568795841649
0,6675.0,0.07126963732056721
0,6687.5,0.07111605336905251
0,6700.0,0.07096493004080236
0,6712.5,0.07081626141233148
0,6725.0,0.07067004169477471
0,6737.5,0.0705262652333774
0,6750.0,0.07038492650313023
0,6762.5,0.07024602011150086
0,6775.0,0.07010954079431911
0,6787.5,0.06997548341084647
0,6800.0,0.06984384294632266
0,6812.5,0.06971461450848505
0,6825.0,0.06958779332439277
0,6837.5,0.06946337474303742
0,6850.0,0.06934135422749571
0,6862.5,0.06922172735825881
0,6875.0,0.06910448982887424
0,6887.5,0.06898963744585228
0,6900.0,0.06887716612586611
0,6912.5,0.06876707189376528
0,6925.0,0.0686593508829838
0,6937.5,0.0685539993322995
0,6950.0,0.06845101358586717
0,6962.5,0.06835039008908948
0,6975.0,0.06825212539062599
0,6987.5,0.06815621613700243
0,7000.0,0.06806265907521562
0,7012.5,0.06797145104834425
0,7025.0,0.06788258899632611
0,7037.5,0.06779606995395998
0,7050.0,0.06771189104717477
0,7062.5,0.06763004949632452
0,7075.0,0.06755054261145571
0,7087.5,0.06747336779222274
0,7100.0,0.06739852252762389
0,7112.5,0.0673260043931934
0,7125.0,0.06725581105006258
0,7137.5,0.06718794024641743
0,7150.0,0.06712238981297747
0,7162.5,0.06705915766484262
0,7175.0,0.06699824179723496
0,7187.5,0.06693964028839018
0,7200.0,0.06688335129639394
0,7212.5,0.06682937305899758
0,7225.0,0.06677770389193595
0,7237.5,0.06672834218720868
0,7250.0,0.06668128641656984
0,7262.5,0.06663653512640824
0,7275.0,0.06659408693991387
0,7287.5,0.06655394055397572
0,7300.0,0.06651609473961961
0,7312.5,0.06648054833981841
0,7325.0,0.0664473002745273
0,7337.5,0.06641634953274198
0,7350.0,0.06638769517605102
0,7362.5,0.06636133633710871
0,7375.0,0.06633727222217813
0,7387.5,0.06631550210470571
0,7400.0,0.06629602533149523
0,7412.5,0.0662788413153215
0,7425.0,0.06626394954091529
0,7437.5,0.06625134956197136
0,7450.0,0.06624104100350157
0,7462.5,0.06623302355556977
0,7475.0,0.06622729697685421
0,7487.5,0.0662238610968215
1,12.5,3.2966730673648157
1,25.0,3.2986125008419522
1,37.5,3.301849548714343
1,50.0,3.3063912255390275
1,62.5,3.312247404861102
1,75.0,3.3194308730118993
1,87.5,3.3279573992119005
1,100.0,3.3378458227022474
1,112.5,3.3491181577745506
1,125.0,3.361799717831682
1,137.5,3.3759192597810608
1,150.0,3.3915091503052164
1,162.5,3.4086055558386734
1,175.0,3.427248658370747
1,187.5,3.4474828995249993
1,200.0,3.469357255765683
1,212.5,3.492925547987819
1,225.0,3.5182467892888405
1,237.5,3.5453855752738765
1,250.0,3.574412521917613
1,262.5,3.6054047567940497
1,275.0,3.6384464703743853
1,287.5,3.6736295351666755
1,300.0,3.7110542017082646
1,312.5,3.7508298818877477
1,325.0,3.7930760317964785
1,337.5,3.8379231483657676
1,350.0,3.885513896477956
1,362.5,3.936004386169722
1,375.0,3.989565623007148
1,387.5,4.046385158955492
1,400.0,4.106668976090784
1,412.5,4.170643641712778
1,425.0,4.238558780872561
1,437.5,4.31068992151513
1,450.0,4.387341778747745
1,462.5,4.468852058643424
1,475.0,4.555595879339818
1,487.5,4.647990928673502
1,500.0,4.746503504981562
1,512.5,4.851655621540585
1,525.0,4.964033399050794
1,537.5,5.084297025921595
1,550.0,5.2131926379420195
1,562.5,5.3515665619016275
1,575.0,5.500382489313316
1,587.5,5.660742306743892
1,600.0,5.833911522524558
1,612.5,6.0213505159217515
1,625.0,6.224753223175901
1,637.5,6.446095407094111
1,650.0,6.6876953950669655
1,662.5,6.952291206728725
1,675.0,7.243139467372422
1,687.5,7.5641436326711124
1,700.0,7.920022173962051
1,712.5,8.316532035182938
1,725.0,8.760769762647332
1,737.5,9.26158371893395
1,750.0,9.83014828764723
1,762.5,10.480779498452481
1,775.0,11.232119355324993
1,787.5,12.108899077263594
1,800.0,13.144640553088104
1,812.5,14.385934934454044
1,825.0,15.899488101910205
1,837.5,17.784272260518442
1,850.0,20.193693560096925
1,862.5,23.378940317903364
1,875.0,27.78159250576972
1,887.5,34.256060472227986
1,900.0,44.698928260851524
1,912.5,64.3344714022989
1,925.0,114.7135563931265
1,937.5,525.2604815374156
1,950.0,204.73723488942375
1,962.5,85.96393256630317
1,975.0,54.56882201371809
1,987.5,40.089638908193066
1,1000.0,31.778449684925008
1,1012.5,26.403902579925084
1,1025.0,22.65863100110842
1,1037.5,19.913256300654485
1,1050.0,17.827753116422407
1,1062.5,16.202742180888876
1,1075.0,14.914050374764894
1,1087.5,13.880816305919149
1,1100.0,13.048695555103622
1,1112.5,12.380481369283993
1,1125.0,11.850641406587702
1,1137.5,11.442064637074846
1,1150.0,11.14414779260095
1,1162.5,10.951773489225804
1,1175.0,10.86497130864693
1,1187.5,10.889217551022533
1,1200.0,11.036485266901675
1,1212.5,11.327368224589785
1,1225.0,11.79497597537015
1,1237.5,12.492062433560502
1,1250.0,13.504592889388343
1,1262.5,14.979346815363465
1,1275.0,17.185633937097872
1,1287.5,20.672618970315312
1,1300.0,26.754589445537718
1,1312.5,39.545175986956544
1,1325.0,81.86164272565382
1,1337.5,584.0875821993006
1,1350.0,61.12733019064408
1,1362.5,31.65974214203816
1,1375.0,21.162100666602385
1,1387.5,15.814047442591386
1,1400.0,12.592910901519554
1,1412.5,10.452047190449493
1,1425.0,8.933162658999079
1,1437.5,7.8040123531961205
1,1450.0,6.934453351116443
1,1462.5,6.2459832214846775
1,1475.0,5.6885053508921795
1,1487.5,5.228596430773234
1,1500.0,4.843139612397751
1,1512.5,4.515663553648733
1,1525.0,4.234134811100076
1,1537.5,3.989572586144232
1,1550.0,3.775149642653606
1,1562.5,3.5855916022764256
1,1575.0,3.4167653720259006
1,1587.5,3.2653908785944767
1,1600.0,3.1288352067031724
1,1612.5,3.0049630256995763
1,1625.0,2.892026222629783
1,1637.5,2.7885813253036043
1,1650.0,2.6934269358983722
1,1662.5,2.6055557803130744
1,1675.0,2.5241175723071088
1,1687.5,2.4483899753431797
1,1700.0,2.377755694002253
1,1712.5,2.31168425191323
1,1725.0,2.249717386213946
1,1737.5,2.1914572569702284
1,1750.0,2.136556865229517
1,1762.5,2.08471221699953
1,1775.0,2.0356558770872613
1,1787.5,1.9891516366377322
1,1800.0,1.9449900786381151
1,1812.5,1.9029848717010016
1,1825.0,1.8629696577466812
1,1837.5,1.8247954266330622
1,1850.0,1.7883282918858494
1,1862.5,1.753447598592933
1,1875.0,1.7200443074124405
1,1887.5,1.6880196092590614
1,1900.0,1.6572837334076527
1,1912.5,1.627754918469411
1,1925.0,1.599358521013036
1,1937.5,1.5720262409370798
1,1950.0,1.5456954462404142
1,1962.5,1.520308582670916
1,1975.0,1.4958126561181275
1,1987.5,1.472158777524706
1,2000.0,1.4493017616958364
1,2012.5,1.427199772721233
1,2025.0,1.405814009809609
1,2037.5,1.3851084282575918
1,2050.0,1.3650494910531283
1,2062.5,1.3456059472427828
1,2075.0,1.3267486337618342
1,2087.5,1.3084502978562023
1,2100.0,1.2906854376370755
1,2112.5,1.2734301586347099
1,2125.0,1.256662044488229
1,2137.5,1.2403600401780974
1,2150.0,1.224504346376148
1,2162.5,1.209076323697427
1,2175.0,1.1940584057729535
1,2187.5,1.1794340202117362
1,2200.0,1.1651875165874506
1,2212.5,1.1513041007927678
1,2225.0,1.137769774993947
1,2237.5,1.1245712827709318
1,2250.0,1.111696058783407
1,2262.5,1.0991321826272415
1,2275.0,1.086868336422911
1,2287.5,1.074893765803569
1,2300.0,1.0631982439659404
1,2312.5,1.0517720385302451
1,2325.0,1.040605880919823
1,2337.5,1.0296909380662969
1,2350.0,1.0190187862093885
1,2362.5,1.0085813866242077
1,2375.0,0.9983710631029731
1,2387.5,0.9883804810427287
1,2400.0,0.9786026280060605
1,2412.5,0.9690307956336278
1,2425.0,0.9596585627936988
1,2437.5,0.9504797798770752
1,2450.0,0.9414885541355867
1,2462.5,0.9326792359865225
1,2475.0,0.9240464062130609
1,2487.5,0.9155848639847092
1,2500.0,0.9072896156425098
1,2512.5,0.899155864183935
1,2525.0,0.8911789993986982
1,2537.5,0.8833545886118593
1,2550.0,0.8756783679844659
1,2562.5,0.8681462343385427
1,2575.0,0.860754237460068
1,2587.5,0.8534985728577154
1,2600.0,0.84637557493251
1,2612.5,0.8393817105468809
1,2625.0,0.8325135729502757
1,2637.5,0.8257678760485789
1,2650.0,0.8191414489869575
1,2662.5,0.8126312310321069
1,2675.0,0.8062342667320502
1,2687.5,0.7999477013324949
1,2700.0,0.793768776434276
1,2712.5,0.787694825888569
1,2725.0,0.7817232718977777
1,2737.5,0.7758516213106293
1,2750.0,0.7700774621230267
1,2762.5,0.7643984601421497
1,2775.0,0.7588123558181705
1,2787.5,0.7533169612405509
1,2800.0,0.7479101572746101
1,2812.5,0.7425898908361107
1,2825.0,0.7373541723063899
1,2837.5,0.7322010730571922
1,2850.0,0.7271287231041362
1,2862.5,0.7221353088628885
1,2875.0,0.7172190710132473
1,2887.5,0.7123783024605281
1,2900.0,0.7076113463861411
1,2912.5,0.7029165943942032
1,2925.0,0.6982924847328607
1,2937.5,0.6937375005994703
1,2950.0,0.6892501685208918
1,2962.5,0.6848290567991868
1,2975.0,0.6804727740327924
1,2987.5,0.6761799676945723
1,3000.0,0.67194932276929
1,3012.5,0.6677795604640643
1,3025.0,0.6636694369423448
1,3037.5,0.6596177421494389
1,3050.0,0.6556232986520206
1,3062.5,0.6516849605454414
1,3075.0,0.6478016124013831
1,3087.5,0.6439721682488869
1,3100.0,0.6401955706163542
1,3112.5,0.6364707895818574
1,3125.0,0.6327968218971963
1,3137.5,0.6291726901104506
1,3150.0,0.6255974417494071
1,3162.5,0.6220701485252881
1,3175.0,0.6185899055630468
1,3187.5,0.6151558306730649
1,3200.0,0.611767063638311
1,3212.5,0.6084227655360931
1,3225.0,0.6051221180832024
1,3237.5,0.6018643230019308
1,3250.0,0.5986486014154122
1,3262.5,0.5954741932587778
1,3275.0,0.592340356717184
1,3287.5,0.5892463676815342
1,3300.0,0.586191519220976
1,3312.5,0.5831751210817985
1,3325.0,0.5801964991951977
1,3337.5,0.5772549952095478
1,3350.0,0.5743499660343674
1,3362.5,0.5714807834011697
1,3375.0,0.5686468334425578
1,3387.5,0.5658475162813089
1,3400.0,0.5630822456353963
1,3412.5,0.5603504484374345
1,3425.0,0.5576515644651948
1,3437.5,0.5549850459858745
1,3450.0,0.5523503574121508
1,3462.5,0.5497469749657213
1,3475.0,0.547174386359008
1,3487.5,0.5446320904820161
1,3500.0,0.5421195971038096
1,3512.5,0.5396364265713932
1,3525.0,0.5371821095403057
1,3537.5,0.5347561866918016
1,3550.0,0.5323582084696357
1,3562.5,0.5299877348283386
1,3575.0,0.5276443349854453
1,3587.5,0.5253275871686424
1,3600.0,0.5230370784002295
1,3612.5,0.5207724042574764
1,3625.0,0.518533168662927
1,3637.5,0.5163189836666295
1,3650.0,0.5141294692434649
1,3662.5,0.5119642530914715
1,3675.0,0.509822970442085
1,3687.5,0.5077052638683696
1,3700.0,0.5056107831039236
1,3712.5,0.5035391848683846
1,3725.0,0.5014901326946132
1,3737.5,0.49946329676204404
1,3750.0,0.497458353733499
1,3762.5,0.4954749866039413
1,3775.0,0.4935128845416655
1,3787.5,0.4915717427443104
1,3800.0,0.48965126229263384
1,3812.5,0.48775115001422914
1,3825.0,0.485871118344397
1,3837.5,0.4840108851969385
1,3850.0,0.48217017383441607
1,3862.5,0.480348712743424
1,3875.0,0.47854623551636966
1,3887.5,0.4767624807303763
1,3900.0,0.4749971918336915
1,3912.5,0.47325011703533965
1,3925.0,0.4715210091969057
1,3937.5,0.4698096257245208
1,3950.0,0.4681157284722667
1,3962.5,0.46643908363514164
1,3975.0,0.46477946165640643
1,3987.5,0.46313663713297154
1,4000.0,0.4615103887211327
1,4012.5,0.4599004990502406
1,4025.0,0.4583067546339948
1,4037.5,0.45672894578306245
1,4050.0,0.45516686652821364
1,4062.5,0.45362031453210344
1,4075.0,0.45208909101939215
1,4087.5,0.4505730006938249
1,4100.0,0.4490718516663381
1,4112.5,0.4475854553833169
1,4125.0,0.44611362655197623
1,4137.5,0.444656183077587
1,4150.0,0.4432129459910135
1,4162.5,0.44178373938536425
1,4175.0,0.4403683903528989
1,4187.5,0.43896672892121097
1,4200.0,0.43757858799280325
1,4212.5,0.43620380328767827
1,4225.0,0.43484221328235506
1,4237.5,0.43349365915661014
1,4250.0,0.43215798473681294
1,4262.5,0.4308350364428459
1,4275.0,0.42952466323612654
1,4287.5,0.42822671656699224
1,4300.0,0.4269410503271685
1,4312.5,0.4256675207997957
1,4325.0,0.424405986611809
1,4337.5,0.42315630868755544
1,4350.0,0.4219183502038295
1,4362.5,0.42069197654704044
1,4375.0,0.4194770552681981
1,4387.5,0.4182734560397711
1,4400.0,0.4170810506194
1,4412.5,0.4158997128032439
1,4425.0,0.41472931839163424
1,4437.5,0.4135697451478057
1,4450.0,0.4124208727616347
1,4462.5,0.41128258281597424
1,4475.0,0.4101547587421141
1,4487.5,0.40903728579626303
1,4500.0,0.40793005101554497
1,4512.5,0.4068329431907699
1,4525.0,0.4057458528316434
1,4537.5,0.404668672133802
1,4550.0,0.40360129494875097
1,4562.5,0.40254361675402306
1,4575.0,0.40149553462244786
1,4587.5,0.40045694719155794
1,4600.0,0.3994277546379004
1,4612.5,0.3984078586477594
1,4625.0,0.39739716239020556
1,4637.5,0.3963955704889141
1,4650.0,0.395402988997429
1,4662.5,0.3944193253725021
1,4675.0,0.3934444884511807
1,4687.5,0.3924783884245976
1,4700.0,0.3915209368144126
1,4712.5,0.3905720464478897
1,4725.0,0.38963163143860796
1,4737.5,0.38869960715962315
1,4750.0,0.387775890226261
1,4762.5,0.3868603984696081
1,4775.0,0.3859530509177439
1,4787.5,0.3850537677766323
1,4800.0,0.38416247040698814
1,4812.5,0.38327908130932203
1,4825.0,0.38240352409484746
1,4837.5,0.3815357234794974
1,4850.0,0.38067560525218586
1,4862.5,0.37982309626957866
1,4875.0,0.3789781244263942
1,4887.5,0.37814061864729864
1,4900.0,0.37731050886323214
1,4912.5,0.37648772599881203
1,4925.0,0.37567220195183715
1,4937.5,0.37486386958285817
1,4950.0,0.37406266269368205
1,4962.5,0.3732685160167434
1,4975.0,0.37248136519440933
1,4987.5,0.37170114677070787
1,5000.0,0.3709277981717824
1,5012.5,0.3701612576937669
1,5025.0,0.3694014644878266
1,5037.5,0.36864835854697636
1,5050.0,0.36790188069233537
1,5062.5,0.3671619725615748
1,5075.0,0.3664285765941484
1,5087.5,0.36570163601760153
1,5100.0,0.3649810948382887
1,5112.5,0.3642668978274653
1,5125.0,0.3635589905088718
1,5137.5,0.36285731914758756
1,5150.0,0.3621618307390199
1,5162.5,0.36147247299750235
1,5175.0,0.3607891943442985
1,5187.5,0.36011194389538564
1,5200.0,0.35944067145796393
1,5212.5,0.35877532750838076
1,5225.0,0.35811586319414707
1,5237.5,0.35746223031489455
1,5250.0,0.3568143813162567
1,5262.5,0.3561722692804979
1,5275.0,0.3555358479140778
1,5287.5,0.3549050715430932
1,5300.0,0.3542798950991086
1,5312.5,0.35366027411386186
1,5325.0,0.3530461647094686
1,5337.5,0.3524375235883999
1,5350.0,0.35183430802687365
1,5362.5,0.3512364758638912
1,5375.0,0.3506439854978614
1,5387.5,0.35005679587411453
1,5400.0,0.3494748664770768
1,5412.5,0.3488981573255027
1,5425.0,0.34832662896304456
1,5437.5,0.3477602424505862
1,5450.0,0.34719895936108647
1,5462.5,0.3466427417676782
1,5475.0,0.34609155224222093
1,5487.5,0.3455453538440884
1,5500.0,0.3450041101164358
1,5512.5,0.3444677850770449
1,5525.0,0.34393634321284766
1,5537.5,0.343409749473631
1,5550.0,0.34288796926616955
1,5562.5,0.34237096844661036
1,5575.0,0.3418587133144141
1,5587.5,0.34135117060816333
1,5600.0,0.3408483074977589
1,5612.5,0.3403500915807707
1,5625.0,0.33985649087350017
1,5637.5,0.3393674738070884
1,5650.0,0.33888300922390296
1,5662.5,0.33840306636963824
1,5675.0,0.3379276148870679
1,5687.5,0.3374566248182061
1,5700.0,0.33699006658656727
1,5712.5,0.3365279109974068
1,5725.0,0.33607012924412094
1,5737.5,0.3356166928871109
1,5750.0,0.3351675738573713
1,5762.5,0.33472274445037
1,5775.0,0.3342821773183666
1,5787.5,0.33384584547040275
1,5800.0,0.333413722266041
1,5812.5,0.33298578141162966
1,5825.0,0.332561996954939
1,5837.5,0.3321423432802448
1,5850.0,0.3317267951055268
1,5862.5,0.3313153274793422
1,5875.0,0.3309079157757705
1,5887.5,0.33050453568874666
1,5900.0,0.3301051632291225
1,5912.5,0.32970977472316243
1,5925.0,0.3293183468079298
1,5937.5,0.3289308564231764
1,5950.0,0.32854728081583734
1,5962.5,0.3281675975280409
1,5975.0,0.3277917843988162
1,5987.5,0.32741981955994814
1,6000.0,0.3270516814324714
1,6012.5,0.3266873487210376
1,6025.0,0.3263268004123915
1,6037.5,0.3259700157741673
1,6050.0,0.3256169743490747
1,6062.5,0.32526765595230406
1,6075.0,0.32492204066712765
1,6087.5,0.3245801088447015
1,6100.0,0.3242418411025756
1,6112.5,0.3239072183154072
1,6125.0,0.3235762216170521
1,6137.5,0.3232488323947109
1,6150.0,0.322925032289737
1,6162.5,0.3226048031935473
1,6175.0,0.322288127245989
1,6187.5,0.3219749868276777
1,6200.0,0.3216653645630468
1,6212.5,0.32135924331388177
1,6225.0,0.3210566061831718
1,6237.5,0.3207574365040774
1,6250.0,0.32046171784358174
1,6262.5,0.32016943399656
1,6275.0,0.3198805689877246
1,6287.5,0.3195951070653798
1,6300.0,0.31931303270099926
1,6312.5,0.3190343305864336
1,6325.0,0.31875898562918087
1,6337.5,0.31848698296123923
1,6350.0,0.31821830792111816
1,6362.5,0.3179529460574276
1,6375.0,0.3176908831385513
1,6387.5,0.31743210513323034
1,6400.0,0.31717659822033145
1,6412.5,0.31692434878074616
1,6425.0,0.3166753433980638
1,6437.5,0.3164295688578449
1,6450.0,0.31618701214318995
1,6462.5,0.31594766043547073
1,6475.0,0.3157115011093521
1,6487.5,0.31547852173402197
1,6500.0,0.3152487100712556
1,6512.5,0.3150220540720335
1,6525.0,0.3147985418761402
1,6537.5,0.3145781618103621
1,6550.0,0.31436090238648945
1,6562.5,0.3141467523018761
1,6575.0,0.3139357004350473
1,6587.5,0.3137277358448047
1,6600.0,0.3135228477680756
1,6612.5,0.3133210256215912
1,6625.0,0.31312225899911134
1,6637.5,0.31292653767021666
1,6650.0,0.31273385157871425
1,6662.5,0.3125441908373976
1,6675.0,0.3123575457341045
1,6687.5,0.31217390672218776
1,6700.0,0.31199326442906133
1,6712.5,0.31181560964560534
1,6725.0,0.31164093333251947
1,6737.5,0.31146922661205945
1,6750.0,0.31130048077323647
1,6762.5,0.31113468726549354
1,6775.0,0.31097183770154857
1,6787.5,0.31081192386024936
1,6800.0,0.31065493766667107
1,6812.5,0.3105008712164974
1,6825.0,0.31034971675902134
1,6837.5,0.3102014666992507
1,6850.0,0.3100561135995432
1,6862.5,0.30991365017544786
1,6875.0,0.30977406929767043
1,6887.5,0.3096373639895329
1,6900.0,0.30950352742561893
1,6912.5,0.3093725529308113
1,6925.0,0.309244433983409
1,6937.5,0.3091191642094397
1,6950.0,0.30899673738275957
1,6962.5,0.3088771474254758
1,6975.0,0.3087603884067442
1,6987.5,0.30864645454506795
1,7000.0,0.30853534020249185
1,7012.5,0.3084270398844256
1,7025.0,0.3083215482414768
1,7037.5,0.3082188600676285
1,7050.0,0.3081189703021155
1,7062.5,0.3080218740252208
1,7075.0,0.3079275664580788
1,7087.5,0.3078360429639517
1,7100.0,0.3077472990464088
1,7112.5,0.30766133035029436
1,7125.0,0.30757813265613654
1,7137.5,0.3074977018868586
1,7150.0,0.307420034104752
1,7162.5,0.307345125506743
1,7175.0,0.3072729724305959
1,7187.5,0.3072035713481086
1,7200.0,0.30713691886910416
1,7212.5,0.307073011740934
1,7225.0,0.30701184684406174
1,7237.5,0.3069534211968137
1,7250.0,0.3068977319516105
1,7262.5,0.3068447763947719
1,7275.0,0.306794551949114
1,7287.5,0.3067470561695008
1,7300.0,0.30670228674610905
1,7312.5,0.3066602415010901
1,7325.0,0.3066209183921514
1,7337.5,0.3065843155075039
1,7350.0,0.30655043106940405
1,7362.5,0.3065192634335144
1,7375.0,0.3064908110835066
1,7387.5,0.3064650726438054
1,7400.0,0.30644204686210186
1,7412.5,0.306421732621356
1,7425.0,0.30640412893697283
1,7437.5,0.3063892349573462
1,7450.0,0.3063770499575587
1,7462.5,0.3063675733484196
1,7475.0,0.306360804668506
1,7487.5,0.30635674359187953
2,12.5,5.2684002314528
2,25.0,5.270796835262358
2,37.5,5.27479627991022
2,50.0,5.280406249829214
2,62.5,5.28763755747596
2,75.0,5.296504198200911
2,87.5,5.307023421719576
2,100.0,5.319215820896189
2,112.5,5.333105438689363
2,125.0,5.348719894386224
2,137.5,5.3660905303914515
2,150.0,5.385252581103789
2,162.5,5.406245365664945
2,175.0,5.429112506676997
2,187.5,5.453902177276577
2,200.0,5.480667379375702
2,212.5,5.509466256253885
2,225.0,5.540362443234657
2,237.5,5.573425460687538
2,250.0,5.608731154290855
2,262.5,5.646362188226093
2,275.0,5.686408597856984
2,287.5,5.7289684094982505
2,300.0,5.774148336053655
2,312.5,5.822064558765156
2,325.0,5.8728436069715375
2,337.5,5.926623349759483
2,350.0,5.983554115852532
2,362.5,6.043799960734758
2,375.0,6.107540103648929
2,387.5,6.174970560971483
2,400.0,6.246306007573671
2,412.5,6.321781903682783
2,425.0,6.401656932119806
2,437.5,6.4862157997253975
2,450.0,6.575772467787694
2,462.5,6.670673889902479
2,475.0,6.771304352632489
2,487.5,6.878090535402737
2,500.0,6.991507432695611
2,512.5,7.112085315035177
2,525.0,7.240417948045523
2,537.5,7.377172343389552
2,550.0,7.523100385824264
2,562.5,7.679052772059257
2,575.0,7.845995816799049
2,587.5,8.02503183927948
2,600.0,8.217424053923367
2,612.5,8.424627171446186
2,625.0,8.648325300460634
2,637.5,8.890479266221766
2,650.0,9.153386194197454
2,662.5,9.439755233501446
2,675.0,9.75280475875596
2,687.5,10.096388503997012
2,700.0,10.475161187645947
2,712.5,10.894798826035327
2,725.0,11.362295993185398
2,737.5,11.886373256206726
2,750.0,12.478045461705284
2,762.5,13.151430007294156
2,775.0,13.924922003073773
2,787.5,14.822946046923946
2,800.0,15.87864329043884
2,812.5,17.13813191408066
2,825.0,18.66752970669329
2,837.5,20.565076664533677
2,850.0,22.98326577787926
2,862.5,26.172144369449708
2,875.0,30.571863832959167
2,887.5,37.035042213190984
2,900.0,47.456010658102464
2,912.5,67.05620848859124
2,925.0,117.38292836443517
2,937.5,527.8559654656885
2,950.0,202.2428278923766
2,962.5,83.60489673137985
2,975.0,52.38831016340337
2,987.5,38.1417505360673
2,1000.0,30.13064597333877
2,1012.5,25.139705781347278
2,1025.0,21.8805514877698
2,1037.5,19.745955164381982
2,1050.0,18.4216810248712
2,1062.5,17.738989129529852
2,1075.0,17.61195143587785
2,1087.5,18.01103093377414
2,1100.0,18.956257545470606
2,1112.5,20.52561497993304
2,1125.0,22.882474717370503
2,1137.5,26.338509666316828
2,1150.0,31.50077778179777
2,1162.5,39.65915692065476
2,1175.0,54.031373849772045
2,1187.5,85.35479787234159
2,1200.0,204.0835283460501
2,1212.5,525.9379458608535
2,1225.0,115.39882529318238
2,1237.5,65.01534474321764
2,1250.0,45.36610786242679
2,1262.5,34.90249608998245
2,1275.0,28.4019785534727
2,1287.5,23.969327709275714
2,1300.0,20.751189490405597
2,1312.5,18.30680727211154
2,1325.0,16.385634757935684
2,1337.5,14.834766199926964
2,1350.0,13.555618833634288
2,1362.5,12.481789016097732
2,1375.0,11.56691911184716
2,1387.5,10.777666458367365
2,1400.0,10.08943608401455
2,1412.5,9.483688150202996
2,1425.0,8.946181732830416
2,1437.5,8.465796054180961
2,1450.0,8.033719273549632
2,1462.5,7.6428777986992795
2,1475.0,7.287526878755149
2,1487.5,6.962951719637055
2,1500.0,6.6652458262903735
2,1512.5,6.391144261145874
2,1525.0,6.137896579082619
2,1537.5,5.903168846017826
2,1550.0,5.684967260263097
2,1562.5,5.481578016136604
2,1575.0,5.291519516952948
2,1587.5,5.113504075279511
2,1600.0,4.9464069719978285
2,1612.5,4.789241274452247
2,1625.0,4.641137199440211
2,1637.5,4.501325090862877
2,1650.0,4.369121293298765
2,1662.5,4.2439163616389965
2,1675.0,4.125165167353126
2,1687.5,4.012378554012152
2,1700.0,3.905116265598966
2,1712.5,3.802980926188588
2,1725.0,3.705612892540273
2,1737.5,3.612685835038612
2,1750.0,3.523902929125915
2,1762.5,3.438993560733657
2,1775.0,3.357710466317369
2,1787.5,3.2798272417703087
2,1800.0,3.205136165691096
2,1812.5,3.133446291505958
2,1825.0,3.064581770294015
2,1837.5,2.998380372342833
2,1850.0,2.934692180274727
2,1862.5,2.8733784309664445
2,1875.0,2.8143104866778472
2,1887.5,2.7573689188587673
2,1900.0,2.7024426904016594
2,1912.5,2.649428424156534
2,1925.0,2.598229747235146
2,1937.5,2.5487567020305213
2,1950.0,2.5009252161425337
2,1962.5,2.454656624402984
2,1975.0,2.409877237090926
2,1987.5,2.366517949190801
2,2000.0,2.3245138861750076
2,2012.5,2.283804082384448
2,2025.0,2.2443311885254658
2,2037.5,2.2060412052461618
2,2050.0,2.1688832400961675
2,2062.5,2.132809285499212
2,2075.0,2.097774015642282
2,2087.5,2.0637346004143073
2,2100.0,2.030650534722388
2,2112.5,1.9984834817415833
2,2125.0,1.9671971287666945
2,2137.5,1.9367570544814476
2,2150.0,1.9071306066227618
2,2162.5,1.878286789085424
2,2175.0,1.850196157608838
2,2187.5,1.8228307233167176
2,2200.0,1.7961638634030674
2,2212.5,1.7701702383617193
2,2225.0,1.7448257152004263
2,2237.5,1.7201072961394817
2,2250.0,1.695993052335121
2,2262.5,1.6724620622242816
2,2275.0,1.649494354113954
2,2287.5,1.6270708526759299
2,2300.0,1.6051733290354386
2,2312.5,1.5837843541882686
2,2325.0,1.5628872554555908
2,2337.5,1.5424660757983848
2,2350.0,1.5225055357192034
2,2362.5,1.5029909975947293
2,2375.0,1.4839084322520497
2,2387.5,1.465244387618581
2,2400.0,1.4469859592987242
2,2412.5,1.4291207629541756
2,2425.0,1.4116369083079818
2,2437.5,1.3945229747677008
2,2450.0,1.3777679884083862
2,2462.5,1.3613614003577788
2,2475.0,1.345293066399045
2,2487.5,1.3295532277572604
2,2500.0,1.3141324929670157
2,2512.5,1.2990218207603759
2,2525.0,1.2842125039062071
2,2537.5,1.2696961539380605
2,2550.0,1.2554646867169308
2,2562.5,1.2415103087713957
2,2575.0,1.227825504374961
2,2587.5,1.2144030233018335
2,2600.0,1.2012358692311866
2,2612.5,1.1883172887543991
2,2625.0,1.1756407609486128
2,2637.5,1.1631999874858108
2,2650.0,1.1509888832438713
2,2662.5,1.139001567388357
2,2675.0,1.127232354902903
2,2687.5,1.115675748531806
2,2700.0,1.1043264311215015
2,2712.5,1.0931792583381976
2,2725.0,1.0822292517345506
2,2737.5,1.0714715921374836
2,2750.0,1.0609016133685454
2,2762.5,1.0505147962477088
2,2775.0,1.0403067628749527
2,2787.5,1.0302732711891307
2,2800.0,1.020410209762572
2,2812.5,1.0107135928445212
2,2825.0,1.0011795556222673
2,2837.5,0.9918043496964161
2,2850.0,0.9825843387608075
2,2862.5,0.9735159944677411
2,2875.0,0.9645958924812733
2,2887.5,0.9558207086993489
2,2900.0,0.9471872156361115
2,2912.5,0.9386922789685004
2,2925.0,0.930332854219074
2,2937.5,0.9221059835894613
2,2950.0,0.9140087929175245
2,2962.5,0.9060384887679594
2,2975.0,0.8981923556480871
2,2987.5,0.890467753319452
2,3000.0,0.8828621142422887
2,3012.5,0.8753729411073444
2,3025.0,0.8679978044779023
2,3037.5,0.8607343405149793
2,3050.0,0.8535802488049002
2,3062.5,0.8465332902634883
2,3075.0,0.839591285128015
2,3087.5,0.8327521110277317
2,3100.0,0.8260137011237483
2,3112.5,0.8193740423242146
2,3125.0,0.8128311735687647
2,3137.5,0.8063831841754061
2,3150.0,0.8000282122525378
2,3162.5,0.7937644431691127
2,3175.0,0.7875901080800602
2,3187.5,0.781503482510458
2,3200.0,0.7755028849898521
2,3212.5,0.7695866757326395
2,3225.0,0.7637532553761456
2,3237.5,0.7580010637531898
2,3250.0,0.7523285787155441
2,3262.5,0.7467343150000687
2,3275.0,0.7412168231285613
2,3287.5,0.7357746883553662
2,3300.0,0.7304065296443788
2,3312.5,0.725110998685417
2,3325.0,0.7198867789443564
2,3337.5,0.7147325847459095
2,3350.0,0.7096471603876104
2,3362.5,0.7046292792828585
2,3375.0,0.6996777431357581
2,3387.5,0.6947913811423706
2,3400.0,0.6899690492176227
2,3412.5,0.6852096292495687
2,3425.0,0.6805120283785097
2,3437.5,0.6758751782976314
2,3450.0,0.6712980345812761
2,3462.5,0.6667795760270933
2,3475.0,0.6623188040319229
2,3487.5,0.657914741971899
2,3500.0,0.6535664346175096
2,3512.5,0.6492729475587087
2,3525.0,0.6450333666508605
2,3537.5,0.6408467974761416
2,3550.0,0.6367123648249173
2,3562.5,0.6326292121930222
2,3575.0,0.6285965012930508
2,3587.5,0.6246134115780034
2,3600.0,0.62067913978971
2,3612.5,0.616792899507116
2,3625.0,0.6129539207204517
2,3637.5,0.6091614494124192
2,3650.0,0.6054147471525443
2,3662.5,0.6017130907041898
2,3675.0,0.5980557716448881
2,3687.5,0.594442095993621
2,3700.0,0.5908713838554188
2,3712.5,0.5873429690706824
2,3725.0,0.5838561988784106
2,3737.5,0.5804104335863811
2,3750.0,0.57700504625492
2,3762.5,0.5736394223857837
2,3775.0,0.5703129596218235
2,3787.5,0.5670250674559163
2,3800.0,0.5637751669454939
2,3812.5,0.5605626904408721
2,3825.0,0.5573870813119277
2,3837.5,0.5542477936944329
2,3850.0,0.5511442922287607
2,3862.5,0.5480760518248903
2,3875.0,0.5450425574110254
2,3887.5,0.5420433037132038
2,3900.0,0.5390777950206982
2,3912.5,0.5361455449688836
2,3925.0,0.533246076326298
2,3937.5,0.5303789207847365
2,3950.0,0.5275436187599236
2,3962.5,0.5247397191894597
2,3975.0,0.5219667793472467
2,3987.5,0.5192243646517759
2,4000.0,0.5165120484858885
2,4012.5,0.5138294120230064
2,4025.0,0.5111760440502905
2,4037.5,0.5085515408034436
2,4050.0,0.5059555058048547
2,4062.5,0.5033875496985415
2,4075.0,0.5008472901052153
2,4087.5,0.49833435146211613
2,4100.0,0.4958483648792861
2,4112.5,0.4933889679977905
2,4125.0,0.4909558048480941
2,4137.5,0.4885485257146752
2,4150.0,0.48616678700508065
2,4162.5,0.4838102511149972
2,4175.0,0.48147858631021684
2,4187.5,0.4791714665966546
2,4200.0,0.4768885716045029
2,4212.5,0.4746295864704594
2,4225.0,0.4723942017226295
2,4237.5,0.47018211317077396
2,4250.0,0.4679930217973968
2,4262.5,0.4658266336502
2,4275.0,0.46368265974242345
2,4287.5,0.4615608159471808
2,4300.0,0.45946082290500945
2,4312.5,0.45738240592261586
2,4325.0,0.45532529488217843
2,4337.5,0.45328922414879025
2,4350.0,0.45127393248099806
2,4362.5,0.4492791629446087
2,4375.0,0.44730466282665526
2,4387.5,0.44535018355307043
2,4400.0,0.4434154806074503
2,4412.5,0.44150031345051505
2,4425.0,0.43960444544394717
2,4437.5,0.43772764377364815
2,4450.0,0.4358696793771913
2,4462.5,0.4340303268733115
2,4475.0,0.4322093644833581
2,4487.5,0.43040657397390447
2,4500.0,0.42862174058007113
2,4512.5,0.42685465294412445
2,4525.0,0.4251051030503239
2,4537.5,0.4233728861611702
2,4550.0,0.42165780075697307
2,4562.5,0.4199596484751589
2,4575.0,0.4182782340517735
2,4587.5,0.4166133652630917
2,4600.0,0.4149648528706584
2,4612.5,0.4133325105661939
2,4625.0,0.4117161549166081
2,4637.5,0.4101156053122234
2,4650.0,0.40853068391609704
2,4662.5,0.4069612156124779
2,4675.0,0.405407027957076
2,4687.5,0.40386795113159757
2,4700.0,0.4023438178929415
2,4712.5,0.40083446353041036
2,4725.0,0.39933972581872174
2,4737.5,0.39785944497355097
2,4750.0,0.39639346361021993
2,4762.5,0.3949416266985664
2,4775.0,0.39350378152409254
2,4787.5,0.39207977764623203
2,4800.0,0.39066946685791726
2,4812.5,0.38927270315160617
2,4825.0,0.38788934266839165
2,4837.5,0.38651924367885915
2,4850.0,0.38516226653436275
2,4862.5,0.3838182736294032
2,4875.0,0.3824871293769535
2,4887.5,0.38116870016793036
2,4900.0,0.3798628543354512
2,4912.5,0.37856946212815606
2,4925.0,0.3772883956711046
2,4937.5,0.3760195289415573
2,4950.0,0.37476273772952234
2,4962.5,0.3735178996158575
2,4975.0,0.37228489393613273
2,4987.5,0.37106360175480213
2,5000.0,0.36985390583844485
2,5012.5,0.3686556906214491
2,5025.0,0.36746884218536585
2,5037.5,0.36629324822780357
2,5050.0,0.36512879803669546
2,5062.5,0.3639753824674778
2,5075.0,0.3628328939136903
2,5087.5,0.3617012262854081
2,5100.0,0.36058027498125894
2,5112.5,0.35946993686908385
2,5125.0,0.3583701102594011
2,5137.5,0.35728069488353165
2,5150.0,0.35620159187035566
2,5162.5,0.35513270372618805
2,5175.0,0.35407393430946804
2,5187.5,0.35302518881465045
2,5200.0,0.3519863737460637
2,5212.5,0.3509573969016379
2,5225.0,0.34993816735016703
2,5237.5,0.34892859541409343
2,5250.0,0.34792859264789033
2,5262.5,0.34693807182066794
2,5275.0,0.34595694689582124
2,5287.5,0.34498513301506767
2,5300.0,0.34402254648023833
2,5312.5,0.34306910473406305
2,5325.0,0.34212472634441643
2,5337.5,0.34118933098670795
2,5350.0,0.3402628394277564
2,5362.5,0.3393451735089345
2,5375.0,0.33843625613387984
2,5387.5,0.337536011244169
2,5400.0,0.3366443638130685
2,5412.5,0.33576123982605643
2,5425.0,0.3348865662661131
2,5437.5,0.33402027109978943
2,5450.0,0.33316228326343356
2,5462.5,0.33231253264882676
2,5475.0,0.3314709500867807
2,5487.5,0.3306374673408924
2,5500.0,0.3298120170845728
2,5512.5,0.3289945328940021
2,5525.0,0.32818494923610586
2,5537.5,0.32738320145185484
2,5550.0,0.32658922574772964
2,5562.5,0.3258029591802619
2,5575.0,0.32502433964713795
2,5587.5,0.3242533058732445
2,5600.0,0.3234897974016888
2,5612.5,0.3227337545783349
2,5625.0,0.32198511854679207
2,5637.5,0.32124383123041783
2,5650.0,0.32050983532739835
2,5662.5,0.3197830742971487
2,5675.0,0.3190634923523439
2,5687.5,0.31835103444578033
2,5700.0,0.31764564626317654
2,5712.5,0.316947274210679
2,5725.0,0.3162558654088304
2,5737.5,0.3155713676793631
2,5750.0,0.3148937295390862
2,5762.5,0.3142229001874459
2,5775.0,0.3135588295010628
2,5787.5,0.31290146802231916
2,5800.0,0.31225076695285897
2,5812.5,0.3116066781426881
2,5825.0,0.3109691540838367
2,5837.5,0.3103381478980899
2,5850.0,0.3097136133367839
2,5862.5,0.30909550476759723
2,5875.0,0.30848377716669234
2,5887.5,0.3078783861119037
2,5900.0,0.3072792877700279
2,5912.5,0.306686438902278
2,5925.0,0.30609979684518174
2,5937.5,0.30551931950813044
2,5950.0,0.30494496536623417
2,5962.5,0.30437669345232005
2,5975.0,0.3038144633503824
2,5987.5,0.30325823518998984
2,6000.0,0.3027079696386657
2,6012.5,0.3021636278941158
2,6025.0,0.3016251716844298
2,6037.5,0.3010925632529875
2,6050.0,0.3005657653535036
2,6062.5,0.3000447412551226
2,6075.0,0.2995294547207017
2,6087.5,0.2990198700112286
2,6100.0,0.29851595188038493
2,6112.5,0.29801766556110515
2,6125.0,0.297524976768705
2,6137.5,0.2970378516874071
2,6150.0,0.29655625697238874
2,6162.5,0.2960801597409028
2,6175.0,0.29560952756989683
2,6187.5,0.2951443284856651
2,6200.0,0.2946845309626555
2,6212.5,0.2942301039170144
2,6225.0,0.29378101670491313
2,6237.5,0.29333723911540877
2,6250.0,0.2928987413644519
2,6262.5,0.2924654940912286
2,6275.0,0.2920374683565075
2,6287.5,0.29161463563476114
2,6300.0,0.2911969678120778
2,6312.5,0.290784437181
2,6325.0,0.29037701643198854
2,6337.5,0.2899746786627051
2,6350.0,0.2895773973579938
2,6362.5,0.2891851463901704
2,6375.0,0.28879790002734684
2,6387.5,0.28841563291178035
2,6400.0,0.2880383200689935
2,6412.5,0.2876659368974675
2,6425.0,0.2872984591682564
2,6437.5,0.28693586301882584
2,6450.0,0.2865781249511087
2,6462.5,0.2862252218306269
2,6475.0,0.2858771308770881
2,6487.5,0.2855338296669722
2,6500.0,0.28519529612354527
2,6512.5,0.28486150852483216
2,6525.0,0.28453244548570705
2,6537.5,0.2842080859700834
2,6550.0,0.2838884092756486
2,6562.5,0.2835733950371131
2,6575.0,0.2832630232192755
2,6587.5,0.2829572741232146
2,6600.0,0.2826561283690609
2,6612.5,0.28235956690820957
2,6625.0,0.2820675710098119
2,6637.5,0.2817801222634472
2,6650.0,0.2814972025742669
2,6662.5,0.281218794160066
2,6675.0,0.2809448795535533
2,6687.5,0.2806754415937211
2,6700.0,0.28041046342840237
2,6712.5,0.2801499285056817
2,6725.0,0.2798938205773654
2,6737.5,0.27964212369512526
2,6750.0,0.2793948222107232
2,6762.5,0.2791519007669714
2,6775.0,0.2789133443025989
2,6787.5,0.27867913804936184
2,6800.0,0.278449267517575
2,6812.5,0.27822371851608585
2,6825.0,0.2780024771362248
2,6837.5,0.2777855297489637
2,6850.0,0.27757286301042455
2,6862.5,0.2773644638532203
2,6875.0,0.27716031949128656
2,6887.5,0.27696041741159116
2,6900.0,0.276764745376631
2,6912.5,0.27657329142006687
2,6925.0,0.2763860438500007
2,6937.5,0.2762029912416965
2,6950.0,0.2760241224382395
2,6962.5,0.2758494265497569
2,6975.0,0.27567889295030074
2,6987.5,0.27551251128109483
2,7000.0,0.27535027144193774
2,7012.5,0.2751921635952954
2,7025.0,0.2750381781613619
2,7037.5,0.2748883058188046
2,7050.0,0.27474253750549155
2,7062.5,0.27460086441365
2,7075.0,0.2744632779910801
2,7087.5,0.2743297699377068
2,7100.0,0.2742003322067959
2,7112.5,0.2740749570029553
2,7125.0,0.273953636780658
2,7137.5,0.2738363642428444
2,7150.0,0.2737231323443737
2,7162.5,0.2736139342837427
2,7175.0,0.2735087635074678
2,7187.5,0.2734076137081467
2,7200.0,0.27331047882214926
2,7212.5,0.2732173530320711
2,7225.0,0.27312823076045706
2,7237.5,0.27304310667500453
2,7250.0,0.2729619756848562
2,7262.5,0.2728848329393532
2,7275.0,0.27281167382980287
2,7287.5,0.2727424939867066
2,7300.0,0.27267728928024443
2,7312.5,0.2726160558184933
2,7325.0,0.27255878994984994
2,7337.5,0.2725054882584694
2,7350.0,0.27245614756712194
2,7362.5,0.2724107649354182
2,7375.0,0.27236933765876664
2,7387.5,0.272331863271171
2,7400.0,0.2722983395402978
2,7412.5,0.2722687644712398
2,7425.0,0.2722431363022528
2,7437.5,0.2722214535088801
2,7450.0,0.2722037147994871
2,7462.5,0.2721899191206858
2,7475.0,0.27218006565028036
2,7487.5,0.27217415380227306
3,12.5,8.641228573286899
3,25.0,8.646860825607686
3,37.5,8.656265721657178
3,50.0,8.669470116347291
3,62.5,8.68651189196162
3,75.0,8.707440248561996
3,87.5,8.732316084661456
3,100.0,8.761212473843743
3,112.5,8.794215244588555
3,125.0,8.831423672259223
3,137.5,8.872951294205398
3,150.0,8.918926861084202
3,162.5,8.969495440220735
3,175.0,9.024819689746929
3,187.5,9.08508132587644
3,200.0,9.15048280990157
3,212.5,9.221249286497047
3,225.0,9.29763081100775
3,237.5,9.3799049106284
3,250.0,9.468379533251847
3,262.5,9.563396448501804
3,275.0,9.665335178633441
3,287.5,9.77461755323933
3,300.0,9.891713001732828
3,312.5,10.017144722613725
3,325.0,10.15149689979798
3,337.5,10.295423175658604
3,350.0,10.44965664047871
3,362.5,10.615021661501586
3,375.0,10.792447956827727
3,387.5,10.98298742500832
3,400.0,11.187834379345581
3,412.5,11.4083500171693
3,425.0,11.646092194898527
3,437.5,11.902851901460657
3,450.0,12.180698257491741
3,462.5,12.482034461651882
3,475.0,12.80966792568518
3,487.5,13.166898986714395
3,500.0,13.557634209910399
3,512.5,13.986532628925977
3,525.0,14.459196677488574
3,537.5,14.982424619370452
3,550.0,15.564548921858172
3,562.5,16.215896796519562
3,575.0,16.94942770469508
3,587.5,17.78163264781568
3,600.0,18.73382995256341
3,612.5,19.834077785847754
3,625.0,21.120075513865018
3,637.5,22.643706851791723
3,650.0,24.478421861483362
3,662.5,26.731768381419126
3,675.0,29.567815647526025
3,687.5,33.24996163546369
3,700.0,38.22960351990744
3,712.5,45.350462588483026
3,725.0,56.39344673746592
3,737.5,75.87888165069197
3,750.0,119.62709708641066
3,762.5,308.92483990033605
3,775.0,447.8044466385518
3,787.5,123.3458065760677
3,800.0,69.17498309970632
3,812.5,46.79554140900985
3,825.0,34.525362707259724
3,837.5,26.742585250478133
3,850.0,21.33847548188717
3,862.5,17.343653115898555
3,875.0,14.249887379957672
3,887.5,11.764828478186143
3,900.0,9.708322259347025
3,912.5,7.963469125727984
3,925.0,6.451744837794184
3,937.5,5.1201643341930305
3,950.0,3.936176938688652
3,962.5,2.8917524181882466
3,975.0,2.030619316213351
3,987.5,1.53501585812929
3,1000.0,1.6890474757107852
3,1012.5,2.3639213499607497
3,1025.0,3.2737808642245207
3,1037.5,4.313198548453622
3,1050.0,5.465916222634138
3,1062.5,6.748885479461233
3,1075.0,8.198552946220838
3,1087.5,9.871106640456684
3,1100.0,11.850052782768808
3,1112.5,14.262336050515227
3,1125.0,17.309976229228255
3,1137.5,21.335416990048017
3,1150.0,26.970211519415283
3,1162.5,35.523664781138486
3,1175.0,50.22884979849509
3,1187.5,81.83522683013513
3,1200.0,200.80641480561374
3,1212.5,529.0055933829556
3,1225.0,118.28406642963132
3,1237.5,67.74053095400754
3,1250.0,47.9498349800211
3,1262.5,37.36034722648495
3,1275.0,30.747105398089964
3,1287.5,26.21290730022234
3,1300.0,22.902784902347424
3,1312.5,20.374653960068354
3,1325.0,18.376869164476407
3,1337.5,16.755609324824224
3,1350.0,15.411524500667124
3,1362.5,14.277564324498325
3,1375.0,13.306822854822371
3,1387.5,12.465489994432474
3,1400.0,11.728570157759277
3,1412.5,11.077178401610134
3,1425.0,10.496775051824201
3,1437.5,9.975979487176293
3,1450.0,9.505752839556553
3,1462.5,9.07882230028159
3,1475.0,8.689267579753697
3,1487.5,8.332218593563908
3,1500.0,8.003630946398703
3,1512.5,7.700116797494173
3,1525.0,7.418815783541416
3,1537.5,7.157295338446157
3,1550.0,6.913472874531427
3,1562.5,6.685554420486289
3,1575.0,6.471985787300667
3,1587.5,6.271413370746569
3,1600.0,6.0826524379337545
3,1612.5,5.9046612784507095
3,1625.0,5.736519989518635
3,1637.5,5.577412951447639
3,1650.0,5.426614263379954
3,1662.5,5.28347557008129
3,1675.0,5.147415832408013
3,1687.5,5.01791268754558
3,1700.0,4.894495116859107
3,1712.5,4.77673719527394
3,1725.0,4.6642527397081555
3,1737.5,4.556690708541622
3,1750.0,4.453731231396116
3,1762.5,4.355082170205515
3,1775.0,4.260476130035107
3,1787.5,4.169667852105244
3,1800.0,4.082431932880348
3,1812.5,3.9985608223476743
3,1825.0,3.9178630621599946
3,1837.5,3.840161730575301
3,1850.0,3.7652930662291113
3,1862.5,3.6931052470401498
3,1875.0,3.6234573040897855
3,1887.5,3.556218153264124
3,1900.0,3.4912657299222305
3,1912.5,3.4284862139299235
3,1925.0,3.3677733341597476
3,1937.5,3.3090277430422357
3,1950.0,3.2521564530013283
3,1962.5,3.1970723276993875
3,1975.0,3.143693621919791
3,1987.5,3.0919435647055655
3,2000.0,3.041749981038393
3,2012.5,2.9930449479432784
3,2025.0,2.945764481370725
3,2037.5,2.8998482506834065
3,2050.0,2.8552393179071034
3,2062.5,2.811883899261967
3,2075.0,2.769731146770083
3,2087.5,2.7287329479667046
3,2100.0,2.6888437419959224
3,2112.5,2.650020350477515
3,2125.0,2.612221821865392
3,2137.5,2.5754092879344683
3,2150.0,2.539545831383073
3,2162.5,2.5045963635147572
3,2175.0,2.4705275111066416
3,2187.5,2.4373075116725462
3,2200.0,2.404906116390377
3,2212.5,2.3732945000435812
3,2225.0,2.3424451773862605
3,2237.5,2.3123319254002443
3,2250.0,2.282929710961629
3,2262.5,2.2542146234738794
3,2275.0,2.226163812071412
3,2287.5,2.198755427051464
3,2300.0,2.1719685651643563
3,2312.5,2.145783218509474
3,2325.0,2.1201802267171486
3,2337.5,2.0951412322222898
3,2350.0,2.0706486383405283
3,2362.5,2.0466855699809208
3,2375.0,2.0232358367941683
3,2387.5,2.000283898570618
3,2400.0,1.977814832731238
3,2412.5,1.9558143037926186
3,2425.0,1.934268534589526
3,2437.5,1.913164279249086
3,2450.0,1.8924887976901368
3,2462.5,1.8722298316072978
3,2475.0,1.8523755818140142
3,2487.5,1.832914686871511
3,2500.0,1.8138362028990882
3,2512.5,1.795129584508529
3,2525.0,1.776784666777657
3,2537.5,1.758791648199344
3,2550.0,1.741141074553386
3,2562.5,1.7238238236189778
3,2575.0,1.7068310907156858
3,2587.5,1.6901543749801995
3,2600.0,1.6737854663624785
3,2612.5,1.6577164332851047
3,2625.0,1.6419396109301532
3,2637.5,1.6264475901158377
3,2650.0,1.61123320672895
3,2662.5,1.5962895316778072
3,2675.0,1.5816098613431517
3,2687.5,1.567187708485805
3,2700.0,1.5530167936009427
3,2712.5,1.5390910366792077
3,2725.0,1.5254045493623198
3,2737.5,1.5119516274662936
3,2750.0,1.4987267438555827
3,2762.5,1.4857245416411824
3,2775.0,1.4729398276993737
3,2787.5,1.4603675664788947
3,2800.0,1.4480028740903519
3,2812.5,1.4358410126617513
3,2825.0,1.423877384942104
3,2837.5,1.4121075291479557
3,2850.0,1.4005271140307134
3,2862.5,1.3891319341600534
3,2875.0,1.3779179054154351
3,2887.5,1.3668810606597408
3,2900.0,1.3560175456129975
3,2912.5,1.345323614882894
3,2925.0,1.334795628174799
3,2937.5,1.3244300466559729
3,2950.0,1.314223429462935
3,2962.5,1.3041724303586764
3,2975.0,1.294273794534908
3,2987.5,1.2845243555233887
3,3000.0,1.2749210322405573
3,3012.5,1.2654608261618945
3,3025.0,1.256140818591472
3,3037.5,1.2469581680429345
3,3050.0,1.2379101077308174
3,3062.5,1.2289939431486046
3,3075.0,1.2202070497471655
3,3087.5,1.2115468707020174
3,3100.0,1.203010914763238
3,3112.5,1.194596754185507
3,3125.0,1.186302022739311
3,3137.5,1.1781244137953555
3,3150.0,1.1700616784766869
3,3162.5,1.16211162388758
3,3175.0,1.154272111396288
3,3187.5,1.1465410549863462
3,3200.0,1.138916419672918
3,3212.5,1.1313962199612477
3,3225.0,1.123978518376132
3,3237.5,1.1166614240337367
3,3250.0,1.109443091267522
3,3262.5,1.1023217183017704
3,3275.0,1.0952955459711617
3,3287.5,1.0883628564851648
3,3300.0,1.081521972236683
3,3312.5,1.0747712546459551
3,3325.0,1.0681091030517453
3,3337.5,1.0615339536349246
3,3350.0,1.0550442783793286
3,3362.5,1.0486385840675059
3,3375.0,1.042315411311573
3,3387.5,1.036073333613898
3,3400.0,1.0299109564600717
3,3412.5,1.023826916441554
3,3425.0,1.017819880405817
3,3437.5,1.0118885446378718
3,3450.0,1.0060316340604476
3,3462.5,1.0002479014689403
3,3475.0,0.9945361267850922
3,3487.5,0.9888951163363929
3,3500.0,0.9833237021558331
3,3512.5,0.9778207413083222
3,3525.0,0.9723851152331122
3,3537.5,0.9670157291111803
3,3550.0,0.9617115112470043
3,3562.5,0.9564714124745346
3,3575.0,0.9512944055794523
3,3587.5,0.9461794847368395
3,3600.0,0.9411256649699336
3,3612.5,0.9361319816215041
3,3625.0,0.9311974898417195
3,3637.5,0.9263212640970118
3,3650.0,0.9215023976821984
3,3662.5,0.9167400022588676
3,3675.0,0.9120332074000215
3,3687.5,0.9073811601500742
3,3700.0,0.9027830245970839
3,3712.5,0.8982379814609889
3,3725.0,0.893745227687672
3,3737.5,0.8893039760591711
3,3750.0,0.8849134548138983
3,3762.5,0.8805729072770777
3,3775.0,0.8762815915008891
3,3787.5,0.8720387799204982
3,3800.0,0.8678437590088249
3,3812.5,0.8636958289511265
3,3825.0,0.8595943033239226
3,3837.5,0.8555385087869796
3,3850.0,0.8515277847732194
3,3862.5,0.8475614832011796
3,3875.0,0.843638968185731
3,3887.5,0.839759615759827
3,3900.0,0.8359228136035721
3,3912.5,0.8321279607822577
3,3925.0,0.8283744674859542
3,3937.5,0.8246617547834982
3,3950.0,0.8209892543774718
3,3962.5,0.81735640836726
3,3975.0,0.813762669020879
3,3987.5,0.8102074985479524
3,4000.0,0.8066903688831079
3,4012.5,0.8032107614715711
3,4025.0,0.799768167064589
3,4037.5,0.7963620855143977
3,4050.0,0.7929920255783204
3,4062.5,0.7896575047299754
3,4075.0,0.786358048967458
3,4087.5,0.7830931926370522
3,4100.0,0.7798624782498463
3,4112.5,0.7766654563148582
3,4125.0,0.7735016851645801
3,4137.5,0.7703707307946225
3,4150.0,0.7672721667029765
3,4162.5,0.76420557373154
3,4175.0,0.7611705399163347
3,4187.5,0.7581666603368431
3,4200.0,0.7551935369717742
3,4212.5,0.7522507785572957
3,4225.0,0.7493380004503176
3,4237.5,0.7464548244911111
3,4250.0,0.7436008788732156
3,4262.5,0.7407757980182107
3,4275.0,0.7379792224444319
3,4287.5,0.7352107986503283
3,4300.0,0.7324701789884145
3,4312.5,0.7297570215595497
3,4325.0,0.7270709900869491
3,4337.5,0.7244117538145818
3,4350.0,0.7217789873930918
3,4362.5,0.7191723707773257
3,4375.0,0.7165915891198611
3,4387.5,0.7140363326720953
3,4400.0,0.7115062966849922
3,4412.5,0.7090011813123437
3,4425.0,0.7065206915161925
3,4437.5,0.7040645369759301
3,4450.0,0.7016324319970281
3,4462.5,0.6992240954237489
3,4475.0,0.6968392505531097
3,4487.5,0.6944776250502906
3,4500.0,0.6921389508675552
3,4512.5,0.6898229641629462
3,4525.0,0.6875294052229547
3,4537.5,0.6852580183834597
3,4550.0,0.6830085519570431
3,4562.5,0.6807807581590737
3,4575.0,0.6785743930338497
3,4587.5,0.6763892163883063
3,4600.0,0.6742249917192439
3,4612.5,0.6720814861482522
3,4625.0,0.6699584703561303
3,4637.5,0.6678557185174719
3,4650.0,0.6657730082382312
3,4662.5,0.6637101204950994
3,4675.0,0.6616668395739759
3,4687.5,0.6596429530095744
3,4700.0,0.6576382515319669
3,4712.5,0.6556525290055538
3,4725.0,0.6536855823789472
3,4737.5,0.6517372116222729
3,4750.0,0.6498072196855147
3,4762.5,0.6478954124372163
3,4775.0,0.6460015986173885
3,4787.5,0.6441255897871894
3,4800.0,0.6422672002828844
3,4812.5,0.640426247160547
3,4825.0,0.638602550165668
3,4837.5,0.6367959316579864
3,4850.0,0.6350062166042897
3,4862.5,0.6332332325019294
3,4875.0,0.6314768093552415
3,4887.5,0.6297367796226714
3,4900.0,0.6280129781851685
3,4912.5,0.6263052422956322
3,4925.0,0.6246134115468224
3,4937.5,0.6229373278297677
3,4950.0,0.6212768352957474
3,4962.5,0.6196317803172786
3,4975.0,0.6180020114551639
3,4987.5,0.6163873794197217
3,5000.0,0.6147877370354685
3,5012.5,0.6132029392102524
3,5025.0,0.6116328428975045
3,5037.5,0.6100773070660078
3,5050.0,0.6085361926642235
3,5062.5,0.6070093625910533
3,5075.0,0.6054966816652178
3,5087.5,0.6039980165912763
3,5100.0,0.6025132359337161
3,5112.5,0.6010422100843681
3,5125.0,0.5995848112346454
3,5137.5,0.5981409133476725
3,5150.0,0.5967103921299827
3,5162.5,0.595293125003879
3,5175.0,0.5938889910838794
3,5187.5,0.5924978711429372
3,5200.0,0.5911196475966778
3,5212.5,0.5897542044700428
3,5225.0,0.5884014273772983
3,5237.5,0.5870612034952186
3,5250.0,0.5857334215399826
3,5262.5,0.5844179717455459
3,5275.0,0.5831147458368126
3,5287.5,0.5818236370112632
3,5300.0,0.5805445399134261
3,5312.5,0.5792773506160009
3,5325.0,0.5780219665973784
3,5337.5,0.5767782867189429
3,5350.0,0.5755462112094573
3,5362.5,0.574325641637221
3,5375.0,0.573116480898243
3,5387.5,0.5719186331943591
3,5400.0,0.5707320040090764
3,5412.5,0.5695565000969601
3,5425.0,0.5683920294587004
3,5437.5,0.5672385013267002
3,5450.0,0.5660958261473791
3,5462.5,0.5649639155603949
3,5475.0,0.5638426823868181
3,5487.5,0.5627320406066748
3,5500.0,0.5616319053470196
3,5512.5,0.560542192863524
3,5525.0,0.5594628205266906
3,5537.5,0.5583937068016306
3,5550.0,0.5573347712365967
3,5562.5,0.5562859344495584
3,5575.0,0.5552471181090656
3,5587.5,0.5542182449210907
3,5600.0,0.5531992386148897
3,5612.5,0.552190023933689
3,5625.0,0.5511905266092979
3,5637.5,0.5502006733631617
3,5650.0,0.5492203918819258
3,5662.5,0.5482496108084839
3,5675.0,0.5472882597296495
3,5687.5,0.5463362691628716
3,5700.0,0.545393570542712
3,5712.5,0.5444600962119577
3,5725.0,0.543535779405289
3,5737.5,0.5426205542409388
3,5750.0,0.5417143557064976
3,5762.5,0.5408171196519929
3,5775.0,0.5399287827729468
3,5787.5,0.5390492826024722
3,5800.0,0.5381785575016118
3,5812.5,0.5373165466460152
3,5825.0,0.5364631900192912
3,5837.5,0.5356184283985553
3,5850.0,0.534782203345142
3,5862.5,0.5339544571961704
3,5875.0,0.5331351330560411
3,5887.5,0.5323241747850285
3,5900.0,0.5315215269923391
3,5912.5,0.5307271350200838
3,5925.0,0.5299409449421741
3,5937.5,0.5291629035498021
3,5950.0,0.5283929583481466
3,5962.5,0.5276310575427084
3,5975.0,0.5268771500337711
3,5987.5,0.5261311854056154
3,6000.0,0.5253931139208314
3,6012.5,0.5246628865152185
3,6025.0,0.5239404547761571
3,6037.5,0.5232257709536504
3,6050.0,0.5225187879436699
3,6062.5,0.5218194592750527
3,6075.0,0.5211277391107271
3,6087.5,0.5204435822402513
3,6100.0,0.5197669440652569
3,6112.5,0.5190977806002028
3,6125.0,0.5184360484617255
3,6137.5,0.517781704863275
3,6150.0,0.5171347076069612
3,6162.5,0.5164950150787405
3,6175.0,0.5158625862405425
3,6187.5,0.5152373806239797
3,6200.0,0.5146193583272708
3,6212.5,0.514008480003993
3,6225.0,0.5134047068615505
3,6237.5,0.512808000650496
3,6250.0,0.5122183236663039
3,6262.5,0.511635638736444
3,6275.0,0.5110599092164188
3,6287.5,0.5104910989869322
3,6300.0,0.5099291724455784
3,6312.5,0.5093740945044226
3,6325.0,0.5088258305827302
3,6337.5,0.5082843466018513
3,6350.0,0.5077496089808872
3,6362.5,0.5072215846300897
3,6375.0,0.5067002409484473
3,6387.5,0.5061855458198222
3,6400.0,0.5056774676033144
3,6412.5,0.5051759751323027
3,6425.0,0.504681037709072
3,6437.5,0.5041926251032907
3,6450.0,0.5037107075414213
3,6462.5,0.5032352557056943
3,6475.0,0.5027662407336237
3,6487.5,0.5023036342070054
3,6500.0,0.5018474081545666
3,6512.5,0.5013975350388412
3,6525.0,0.5009539877652666
3,6537.5,0.5005167396653258
3,6550.0,0.5000857645000553
3,6562.5,0.49966103645738863
3,6575.0,0.49924253014522324
3,6587.5,0.49883022058259946
3,6600.0,0.49842408321137904
3,6612.5,0.4980240938769012
3,6625.0,0.4976302288344554
3,6637.5,0.4972424647418616
3,6650.0,0.4968607786572936
3,6662.5,0.49648514803737415
3,6675.0,0.49611555073003816
3,6687.5,0.49575196497530527
3,6700.0,0.4953943694010861
3,6712.5,0.4950427430219638
3,6725.0,0.494697065234115
3,6737.5,0.49435731581095554
3,6750.0,0.4940234749027858
3,6762.5,0.4936955230348478
3,6775.0,0.4933734411026329
3,6787.5,0.49305721037233025
3,6800.0,0.4927468124750182
3,6812.5,0.492442229404779
3,6825.0,0.4921434435160863
3,6837.5,0.4918504375237687
3,6850.0,0.491563194499088
3,6862.5,0.4912816978668027
3,6875.0,0.491005931402533
3,6887.5,0.4907358792337422
3,6900.0,0.4904715258349983
3,6912.5,0.4902128560255155
3,6925.0,0.4899598549686668
3,6937.5,0.48971250816956347
3,6950.0,0.4894708014728719
3,6962.5,0.48923472106041643
3,6975.0,0.48900425345048976
3,6987.5,0.4887793854960018
3,7000.0,0.48856010438142183
3,7012.5,0.4883463976233772
3,7025.0,0.4881382530654795
3,7037.5,0.4879356588796985
3,7050.0,0.4877386035647974
3,7062.5,0.4875470759446815
3,7075.0,0.4873610651622085
3,7087.5,0.4871805606859422
3,7100.0,0.4870055523034889
3,7112.5,0.48683603012118126
3,7125.0,0.48667198456034994
3,7137.5,0.4865134063634107
3,7150.0,0.48636028658551134
3,7162.5,0.48621261659498555
3,7175.0,0.4860703880739383
3,7187.5,0.4859335930144497
3,7200.0,0.48580222372169324
3,7212.5,0.4856762728091831
3,7225.0,0.48555573320045925
3,7237.5,0.485440598126684
3,7250.0,0.4853308611242628
3,7262.5,0.48522651603618
3,7275.0,0.485127557012386
3,7287.5,0.48503397850569646
3,7300.0,0.484945775273703
3,7312.5,0.48486294237674654
3,7325.0,0.48478547517803355
3,7337.5,0.48471336934195347
3,7350.0,0.4846466208356191
3,7362.5,0.4845852259263014
3,7375.0,0.48452918118124694
3,7387.5,0.48447848346756384
3,7400.0,0.4844331299529214
3,7412.5,0.48439311810270025
3,7425.0,0.48435844568270153
3,7437.5,0.4843291107564882
3,7450.0,0.48430511168665374
3,7462.5,0.48428644713219915
3,7475.0,0.4842731160521889
3,7487.5,0.48426511770146025
4,12.5,6.473513891630695
4,25.0,6.478937810449192
4,37.5,6.487998243496214
4,50.0,6.5007262447877805
4,62.5,6.517165696654013
4,75.0,6.5373737252319035
4,87.5,6.561421247508618
4,100.0,6.5893936600720195
4,112.5,6.6213916825697385
4,125.0,6.657532372165095
4,137.5,6.697950329035867
4,150.0,6.742799117427072
4,162.5,6.792252932028935
4,175.0,6.846508545764457
4,187.5,6.90578758271075
4,200.0,6.970339169114528
4,212.5,7.04044302693077
4,225.0,7.11641308819443
4,237.5,7.198601726085475
4,250.0,7.287404720182618
4,262.5,7.383267100781754
4,275.0,7.486690051707439
4,287.5,7.598239095097001
4,300.0,7.718553838114695
4,312.5,7.848359634549362
4,325.0,7.988481609277094
4,337.5,8.13986161829861
4,350.0,8.303578882339888
4,362.5,8.480875252524122
4,375.0,8.67318636467443
4,387.5,8.88218034465315
4,400.0,9.10980628715191
4,412.5,9.358355511509425
4,425.0,9.630539702576627
4,437.5,9.929591627853698
4,450.0,10.25939642644929
4,462.5,10.624664875368104
4,475.0,11.031165176674424
4,487.5,11.486037706384305
4,500.0,11.998229573443085
4,512.5,12.579105810474859
4,525.0,13.243327055965489
4,537.5,14.01013992892888
4,550.0,14.905325758164755
4,562.5,15.964235983595557
4,575.0,17.236693637582636
4,587.5,18.795252118551264
4,600.0,20.749839827016693
4,612.5,23.275403381832025
4,625.0,26.66834653200132
4,637.5,31.474111767944095
4,650.0,38.81835185026045
4,662.5,51.458043854006455
4,675.0,78.41595649250377
4,687.5,176.20305045082583
4,700.0,540.5192802454737
4,712.5,101.15882197768326
4,725.0,54.03822360792587
4,737.5,35.97093092540553
4,750.0,26.39951616087172
4,762.5,20.459630118060776
4,775.0,16.405596166686408
4,787.5,13.456857209203637
4,800.0,11.212643150104574
4,812.5,9.446859389810596
4,825.0,8.023342713974083
4,837.5,6.856605529225859
4,850.0,5.8921519372734625
4,862.5,5.096101511166597
4,875.0,4.449519642174712
4,887.5,3.944939840246287
4,900.0,3.5831373767319166
4,912.5,3.368442586472223
4,925.0,3.302294266185807
4,937.5,3.377885388912456
4,950.0,3.5800058294144805
4,962.5,3.8900121426335024
4,975.0,4.291518989541006
4,987.5,4.773596799613718
4,1000.0,5.331550552222184
4,1012.5,5.966634484492615
4,1025.0,6.68572714004596
4,1037.5,7.501461909716718
4,1050.0,8.433060296529435
4,1062.5,9.508118648190003
4,1075.0,10.76578877524089
4,1087.5,12.262206417612834
4,1100.0,14.079859210654254
4,1112.5,16.34438361293322
4,1125.0,19.256468673705406
4,1137.5,23.157308653549517
4,1150.0,28.67732397919703
4,1162.5,37.124809509896274
4,1175.0,51.73194456874881
4,1187.5,83.24740127458851
4,1200.0,202.13410400665921
4,1212.5,527.7565668717276
4,1225.0,117.10842110892776
4,1237.5,66.63346424210219
4,1250.0,46.90696921426774
4,1262.5,36.37768269813406
4,1275.0,29.820979439855424
4,1287.5,25.339958573962818
4,1300.0,22.079922153890504
4,1312.5,19.599028615018458
4,1325.0,17.645851231764095
4,1337.5,16.066766154427103
4,1350.0,14.762602009638206
4,1362.5,13.666470362718428
4,1375.0,12.731612430247607
4,1387.5,11.92435211837072
4,1400.0,11.219816105108668
4,1412.5,10.599231210049672
4,1425.0,10.048160108506243
4,1437.5,9.555316072299897
4,1450.0,9.111746513868464
4,1462.5,8.710258038614922
4,1475.0,8.345003565533066
4,1487.5,8.011180600193107
4,1500.0,7.704807240849338
4,1512.5,7.422553509495223
4,1525.0,7.1616126907388145
4,1537.5,6.919602023902169
4,1550.0,6.694485218135489
4,1562.5,6.484511390369782
4,1575.0,6.288166501248925
4,1587.5,6.104134401039631
4,1600.0,5.9312653359915215
4,1612.5,5.768550298324825
4,1625.0,5.615099991490672
4,1637.5,5.470127469052979
4,1650.0,5.332933718923792
4,1662.5,5.202895625251158
4,1675.0,5.079455862025319
4,1687.5,4.962114365618597
4,1700.0,4.850421105282006
4,1712.5,4.743969926402053
4,1725.0,4.642393284919275
4,1737.5,4.545357725653298
4,1750.0,4.452559984477166
4,1762.5,4.363723615933592
4,1775.0,4.278596065287301
4,1787.5,4.1969461179549326
4,1800.0,4.118561670612852
4,1812.5,4.04324777749351
4,1825.0,3.9708249329017455
4,1837.5,3.9011275571954833
4,1850.0,3.834002658557646
4,1862.5,3.7693086471172363
4,1875.0,3.7069142814957106
4,1887.5,3.646697730769933
4,1900.0,3.5885457373245524
4,1912.5,3.532352868090682
4,1925.0,3.478020843440435
4,1937.5,3.425457934457964
4,1950.0,3.3745784205647857
4,1962.5,3.3253021005254912
4,1975.0,3.2775538507925623
4,1987.5,3.231263225882066
4,2000.0,3.186364096185784
4,2012.5,3.1427943191660193
4,2025.0,3.1004954403674123
4,2037.5,3.059412421148518
4,2050.0,3.0194933903479173
4,2062.5,2.9806894174708667
4,2075.0,2.94295430523624
4,2087.5,2.906244399561159
4,2100.0,2.8705184153353374
4,2112.5,2.8357372763571824
4,2125.0,2.80186396826694
4,2137.5,2.7688634030826935
4,2150.0,2.7367022943984636
4,2162.5,2.705349042224977
4,2175.0,2.674773626615761
4,2187.5,2.6449475093034978
4,2200.0,2.6158435426500852
4,2212.5,2.5874358852777224
4,2225.0,2.559699923812795
4,2237.5,2.5326122002320846
4,2250.0,2.506150344341908
4,2262.5,2.480293010972319
4,2275.0,2.455019821502612
4,2287.5,2.4303113093739825
4,2300.0,2.4061488692756323
4,2312.5,2.3825147097086306
4,2325.0,2.3593918086737706
4,2337.5,2.3367638722464013
4,2350.0,2.314615295814757
4,2362.5,2.2929311277845796
4,2375.0,2.2716970355668327
4,2387.5,2.25089927368836
4,2400.0,2.2305246538548102
4,2412.5,2.2105605168640725
4,2425.0,2.190994706172009
4,2437.5,2.171815543073655
4,2450.0,2.153011803334803
4,2462.5,2.1345726951888926
4,2475.0,2.1164878386070565
4,2487.5,2.0987472457593372
4,2500.0,2.0813413025845096
4,2512.5,2.0642607513946403
4,2525.0,2.0474966744438814
4,2537.5,2.0310404784098783
4,2550.0,2.01488387971658
4,2562.5,1.9990188906509525
4,2575.0,1.9834378062276796
4,2587.5,1.9681331917468115
4,2600.0,1.9530978710100075
4,2612.5,1.9383249151453943
4,2625.0,1.923807632015712
4,2637.5,1.9095395561645345
4,2650.0,1.8955144392746848
4,2662.5,1.8817262411068956
4,2675.0,1.868169120888914
4,2687.5,1.85483742913218
4,2700.0,1.84172569984901
4,2712.5,1.8288286431481635
4,2725.0,1.8161411381871713
4,2737.5,1.8036582264619274
4,2750.0,1.7913751054159064
4,2762.5,1.7792871223477893
4,2775.0,1.7673897686056543
4,2787.5,1.7556786740474188
4,2800.0,1.744149601758061
4,2812.5,1.7327984430076016
4,2825.0,1.7216212124336727
4,2837.5,1.7106140434467358
4,2850.0,1.699773183832413
4,2862.5,1.6890949915524716
4,2875.0,1.678575930733024
4,2887.5,1.6682125678163104
4,2900.0,1.6580015678955822
4,2912.5,1.6479396911878095
4,2925.0,1.6380237896744603
4,2937.5,1.6282508038747163
4,2950.0,1.6186177597517335
4,2962.5,1.6091217657528942
4,2975.0,1.5997600099790028
4,2987.5,1.5905297574548214
4,3000.0,1.5814283475154332
4,3012.5,1.5724531913127822
4,3025.0,1.563601769403744
4,3037.5,1.5548716294422829
4,3050.0,1.5462603839666742
4,3062.5,1.537765708267138
4,3075.0,1.5293853383419458
4,3087.5,1.5211170689308788
4,3100.0,1.5129587516278367
4,3112.5,1.5049082930605822
4,3125.0,1.4969636531441326
4,3137.5,1.4891228433995827
4,3150.0,1.481383925333294
4,3162.5,1.4737450088822845
4,3175.0,1.466204250914499
4,3187.5,1.458759853779025
4,3200.0,1.451410063923988
4,3212.5,1.444153170547189
4,3225.0,1.436987504310067
4,3237.5,1.4299114360903913
4,3250.0,1.4229233757814381
4,3262.5,1.4160217711341314
4,3275.0,1.409205106642643
4,3287.5,1.402471902462399
4,3300.0,1.3958207133752196
4,3312.5,1.3892501277817726
4,3325.0,1.382758766735656
4,3337.5,1.3763452830051077
4,3350.0,1.3700083601725537
4,3362.5,1.3637467117592403
4,3375.0,1.3575590803837556
4,3387.5,1.3514442369448776
4,3400.0,1.3454009798367452
4,3412.5,1.3394281341851608
4,3425.0,1.3335245511112404
4,3437.5,1.3276891070218728
4,3450.0,1.3219207029172204
4,3462.5,1.3162182637267763
4,3475.0,1.3105807376632568
4,3487.5,1.3050070956009134
4,3500.0,1.2994963304657667
4,3512.5,1.2940474566569453
4,3525.0,1.2886595094791964
4,3537.5,1.2833315445894107
4,3550.0,1.2780626374693027
4,3562.5,1.2728518829112074
4,3575.0,1.267698394517883
4,3587.5,1.2626013042174389
4,3600.0,1.2575597617980383
4,3612.5,1.2525729344510594
4,3625.0,1.2476400063312603
4,3637.5,1.2427601781306588
4,3650.0,1.237932666661336
4,3662.5,1.2331567044570417
4,3675.0,1.2284315393806013
4,3687.5,1.2237564342471718
4,3700.0,1.2191306664543828
4,3712.5,1.2145535276305368
4,3725.0,1.2100243232825838
4,3737.5,1.2055423724649799
4,3750.0,1.2011070074506016
4,3762.5,1.1967175734156492
4,3775.0,1.1923734281302614
4,3787.5,1.1880739416596577
4,3800.0,1.183818496074302
4,3812.5,1.1796064851679056
4,3825.0,1.1754373141805663
4,3837.5,1.1713103995361374
4,3850.0,1.1672251685777704
4,3862.5,1.163181059320398
4,3875.0,1.1591775202037073
4,3887.5,1.1552140098517292
4,3900.0,1.1512899968440393
4,3912.5,1.1474049594902882
4,3925.0,1.1435583856067821
4,3937.5,1.1397497723076682
4,3950.0,1.1359786257934132
4,3962.5,1.1322444611502593
4,3975.0,1.128546802154383
4,3987.5,1.1248851810773872
4,4000.0,1.1212591385027906
4,4012.5,1.1176682231408577
4,4025.0,1.114111991655381
4,4037.5,1.110590008489518
4,4050.0,1.1071018456966175
4,4062.5,1.1036470827795868
4,4075.0,1.1002253065281333
4,4087.5,1.0968361108685427
4,4100.0,1.0934790967060495
4,4112.5,1.0901538717832862
4,4125.0,1.0868600505321782
4,4137.5,1.0835972539361671
4,4150.0,1.0803651093931648
4,4162.5,1.0771632505835416
4,4175.0,1.073991317336933
4,4187.5,1.070848955509394
4,4200.0,1.0677358168580517
4,4212.5,1.0646515589211243
4,4225.0,1.0615958448986582
4,4237.5,1.0585683435416033
4,4250.0,1.0555687290360625
4,4262.5,1.0525966808978082
4,4275.0,1.0496518838621476
4,4287.5,1.046734027783066
4,4300.0,1.043842807527065
4,4312.5,1.040977922882624
4,4325.0,1.0381390784536464
4,4337.5,1.0353259835723234
4,4350.0,1.0325383522027474
4,4362.5,1.0297759028541495
4,4375.0,1.0270383584893266
4,4387.5,1.024325446441819
4,4400.0,1.0216368983307131
4,4412.5,1.0189724499784074
4,4425.0,1.01633184133148
4,4437.5,1.0137148163821381
4,4450.0,1.0111211230914143
4,4462.5,1.0085505133143018
4,4475.0,1.0060027427271228
4,4487.5,1.0034775707571923
4,4500.0,1.0009747605113644
4,4512.5,0.9984940787084905
4,4525.0,0.9960352956128256
4,4537.5,0.9935981849696078
4,4550.0,0.9911825239395132
4,4562.5,0.9887880930379217
4,4575.0,0.9864146760742266
4,4587.5,0.9840620600898098
4,4600.0,0.9817300353033173
4,4612.5,0.9794183950503632
4,4625.0,0.9771269357304392
4,4637.5,0.9748554567497263
4,4650.0,0.9726037604693444
4,4662.5,0.9703716521534839
4,4675.0,0.9681589399175264
4,4687.5,0.9659654346760489
4,4700.0,0.9637909500990502
4,4712.5,0.9616353025578047
4,4725.0,0.9594983110842572
4,4737.5,0.9573797973176377
4,4750.0,0.9552795854675102
4,4762.5,0.9531975022639269
4,4775.0,0.9511333769168392
4,4787.5,0.949087041072789
4,4800.0,0.9470583287758113
4,4812.5,0.9450470764204345
4,4825.0,0.9430531227286756
4,4837.5,0.941076308681539
4,4850.0,0.9391164775156423
4,4862.5,0.937173474660198
4,4875.0,0.9352471477128582
4,4887.5,0.933337346396588
4,4900.0,0.9314439225335926
4,4912.5,0.9295667300041313
4,4925.0,0.9277056247130446
4,4937.5,0.9258604645617806
4,4950.0,0.9240311094119537
4,4962.5,0.9222174210531514
4,4975.0,0.9204192631747496
4,4987.5,0.9186365013337436
4,5000.0,0.9168690029235913
4,5012.5,0.9151166371499755
4,5025.0,0.913379274996725
4,5037.5,0.9116567892003373
4,5050.0,0.9099490542222445
4,5062.5,0.9082559462203499
4,5075.0,0.9065773430256012
4,5087.5,0.9049131241116315
4,5100.0,0.9032631705750727
4,5112.5,0.9016273651037381
4,5125.0,0.9000055919583237
4,5137.5,0.8983977369442956
4,5150.0,0.8968036873895734
4,5162.5,0.8952233321220084
4,5175.0,0.8936565614470466
4,5187.5,0.8921032671223085
4,5200.0,0.8905633423407872
4,5212.5,0.8890366817041175
4,5225.0,0.8875231812060633
4,5237.5,0.8860227382089795
4,5250.0,0.8845352514248287
4,5262.5,0.8830606208950785
4,5275.0,0.8815987479701383
4,5287.5,0.8801495352928651
4,5300.0,0.8787128867761572
4,5312.5,0.8772887075883957
4,5325.0,0.8758769041318458
4,5337.5,0.8744773840266483
4,5350.0,0.8730900560949081
4,5362.5,0.8717148303386532
4,5375.0,0.8703516179281139
4,5387.5,0.8690003311844678
4,5400.0,0.867660883559008
4,5412.5,0.8663331896240044
4,5425.0,0.8650171650515833
4,5437.5,0.8637127266013768
4,5450.0,0.8624197921041004
4,5462.5,0.8611382804477049
4,5475.0,0.859868111562074
4,5487.5,0.8586092064043473
4,5500.0,0.8573614869471888
4,5512.5,0.8561248761617268
4,5525.0,0.8548992980065292
4,5537.5,0.8536846774125669
4,5550.0,0.8524809402727633
4,5562.5,0.851288013425635
4,5575.0,0.8501058246452476
4,5587.5,0.8489343026287457
4,5600.0,0.8477733769810446
4,5612.5,0.846622978209435
4,5625.0,0.8454830377022381
4,5637.5,0.8443534877290003
4,5650.0,0.8432342614184734
4,5662.5,0.8421252927535237
4,5675.0,0.8410265165579428
4,5687.5,0.8399378684870403
4,5700.0,0.8388592850157681
4,5712.5,0.8377907034304302
4,5725.0,0.8367320618141033
4,5737.5,0.8356832990420593
4,5750.0,0.8346443547677744
4,5762.5,0.8336151694162972
4,5775.0,0.8325956841718334
4,5787.5,0.8315858409697156
4,5800.0,0.8305855824876339
4,5812.5,0.8295948521365261
4,5825.0,0.8286135940518137
4,5837.5,0.827641753083747
4,5850.0,0.8266792747877175
4,5862.5,0.8257261054173484
4,5875.0,0.8247821919179745
4,5887.5,0.8238474819158631
4,5900.0,0.8229219237141757
4,5912.5,0.8220054662759967
4,5925.0,0.8210980592270364
4,5937.5,0.8201996528401063
4,5950.0,0.8193101980342107
4,5962.5,0.8184296463618063
4,5975.0,0.8175579500047987
4,5987.5,0.8166950617663344
4,6000.0,0.8158409350622662
4,6012.5,0.8149955239197539
4,6025.0,0.8141587829588469
4,6037.5,0.8133306674005008
4,6050.0,0.8125111330548466
4,6062.5,0.8117001363037839
4,6075.0,0.8108976341106314
4,6087.5,0.8101035840069722
4,6100.0,0.80931794408404
4,6112.5,0.8085406729922855
4,6125.0,0.80777172992939
4,6137.5,0.8070110746400279
4,6150.0,0.8062586674061792
4,6162.5,0.8055144690437649
4,6175.0,0.8047784408974435
4,6187.5,0.8040505448321772
4,6200.0,0.8033307432322334
4,6212.5,0.8026189989910066
4,6225.0,0.8019152755111723
4,6237.5,0.8012195366943875
4,6250.0,0.8005317469407995
4,6262.5,0.7998518711416239
4,6275.0,0.7991798746741933
4,6287.5,0.79851572339868
4,6300.0,0.7978593836535639
4,6312.5,0.797210822247142
4,6325.0,0.7965700064600464
4,6337.5,0.7959369040342812
4,6350.0,0.7953114831733955
4,6362.5,0.7946937125339559
4,6375.0,0.794083561224889
4,6387.5,0.7934809988024992
4,6400.0,0.7928859952651091
4,6412.5,0.7922985210531598
4,6425.0,0.7917185470378366
4,6437.5,0.7911460445261456
4,6450.0,0.7905809852485273
4,6462.5,0.7900233413610197
4,6475.0,0.7894730854411003
4,6487.5,0.7889301904807077
4,6500.0,0.7883946298884342
4,6512.5,0.7878663774762102
4,6525.0,0.7873454074699293
4,6537.5,0.7868316944927358
4,6550.0,0.786325213569245
4,6562.5,0.7858259401225608
4,6575.0,0.7853338499688534
4,6587.5,0.7848489193086108
4,6600.0,0.7843711247391154
4,6612.5,0.7839004432349003
4,6625.0,0.7834368521548649
4,6637.5,0.7829803292356837
4,6650.0,0.7825308525901089
4,6662.5,0.7820884007051202
4,6675.0,0.7816529524351621
4,6687.5,0.7812244870035172
4,6700.0,0.7808029839987979
4,6712.5,0.7803884233732622
4,6725.0,0.7799807854392629
4,6737.5,0.7795800508649436
4,6750.0,0.7791862006729847
4,6762.5,0.7787992162406614
4,6775.0,0.7784190792948249
4,6787.5,0.7780457719131731
4,6800.0,0.7776792765175582
4,6812.5,0.7773195758734379
4,6825.0,0.7769666530882625
4,6837.5,0.7766204916104341
4,6850.0,0.7762810752250394
4,6862.5,0.7759483880538225
4,6875.0,0.7756224145509167
4,6887.5,0.7753031395036618
4,6900.0,0.7749905480301729
4,6912.5,0.7746846255758826
4,6925.0,0.7743853579129804
4,6937.5,0.7740927311394661
4,6950.0,0.7738067316748345
4,6962.5,0.7735273462614866
4,6975.0,0.7732545619619678
4,6987.5,0.7729883661566538
4,7000.0,0.7727287465433244
4,7012.5,0.7724756911347364
4,7025.0,0.7722291882582555
4,7037.5,0.7719892265540547
4,7050.0,0.7717557949726447
4,7062.5,0.7715288827761669
4,7075.0,0.7713084795338613
4,7087.5,0.7710945751244007
4,7100.0,0.7708871597300058
4,7112.5,0.7706862238411043
4,7125.0,0.7704917582499013
4,7137.5,0.7703037540535868
4,7150.0,0.7701222026487795
4,7162.5,0.7699470957350442
4,7175.0,0.7697784253118435
4,7187.5,0.7696161836758751
4,7200.0,0.7694603634240894
4,7212.5,0.7693109574476749
4,7225.0,0.7691679589376784
4,7237.5,0.7690313613804464
4,7250.0,0.7689011585554304
4,7262.5,0.7687773445355836
4,7275.0,0.7686599136881326
4,7287.5,0.7685488606732763
4,7300.0,0.7684441804444113
4,7312.5,0.7683458682464034
4,7325.0,0.7682539196118221
4,7337.5,0.7681683303675985
4,7350.0,0.7680890966295443
4,7362.5,0.7680162148024725
4,7375.0,0.7679496815803765
4,7387.5,0.7678894939455986
4,7400.0,0.7678356491697946
4,7412.5,0.7677881448118782
4,7425.0,0.7677469787198786
4,7437.5,0.7677121490282196
4,7450.0,0.76768365415863
4,7462.5,0.7676614928203336
4,7475.0,0.7676456640109558
4,7487.5,0.7676361670129411
5,12.5,6.669428646170436
5,25.0,6.674385256256025
5,37.5,6.682663025376481
5,50.0,6.694287219849502
5,62.5,6.709293490323149
5,75.0,6.727728154526127
5,87.5,6.74964856800991
5,100.0,6.775123588503824
5,112.5,6.804234141068119
5,125.0,6.837073892898085
5,137.5,6.873750048633853
5,150.0,6.914384279136418
5,162.5,6.959113799415014
5,175.0,7.00809261426006
5,187.5,7.061492953765349
5,200.0,7.119506925093967
5,212.5,7.182348411835841
5,225.0,7.250255258349007
5,237.5,7.323491783701594
5,250.0,7.40235167863232
5,262.5,7.487161349668495
5,275.0,7.578283787654264
5,287.5,7.676123054132406
5,300.0,7.781129499036734
5,312.5,7.893805848079173
5,325.0,8.01471432945106
5,337.5,8.144485048750804
5,350.0,8.28382587092639
5,362.5,8.43353413159026
5,375.0,8.594510581766281
5,387.5,8.767776075832408
5,400.0,8.954491650251306
5,412.5,9.155982821910715
5,425.0,9.373769175129732
5,437.5,9.609600627999527
5,450.0,9.865502203303324
5,462.5,10.143829722887629
5,475.0,10.4473396643311
5,487.5,10.779277565152006
5,500.0,11.143490984203172
5,512.5,11.544575363390111
5,525.0,11.988064538508606
5,537.5,12.48068270096487
5,550.0,13.030682249404519
5,562.5,13.648303747968871
5,575.0,14.34641278050984
5,587.5,15.141398511560734
5,600.0,16.05446865342319
5,612.5,17.113561061999025
5,625.0,18.356244061517316
5,637.5,19.834258428420007
5,650.0,21.620898073102484
5,662.5,23.823539982329397
5,675.0,26.606066156530076
5,687.5,30.2316690448409
5,700.0,35.151519842285374
5,712.5,42.20909095232738
5,725.0,53.18501570468831
5,737.5,72.59931639133285
5,750.0,116.2719870082762
5,762.5,305.4894023013589
5,775.0,451.3254073405929
5,787.5,126.95794445980941
5,800.0,72.88446153577874
5,812.5,50.609089150724365
5,825.0,38.450334937414965
5,837.5,30.78702834753767
5,850.0,25.5111925316112
5,862.5,21.654263828686663
5,875.0,18.708869444578248
5,887.5,16.383513931576307
5,900.0,14.498793974134704
5,912.5,12.938238701016829
5,925.0,11.622939289410223
5,937.5,10.497541639616498
5,950.0,9.522079797988034
5,962.5,8.666997162749656
5,975.0,7.909997509726711
5,987.5,7.233993471334265
5,1000.0,6.625740314614632
5,1012.5,6.074915417363656
5,1025.0,5.5735015551716955
5,1037.5,5.115390540658911
5,1050.0,4.696161111225648
5,1062.5,4.313010730772114
5,1075.0,3.964839286069346
5,1087.5,3.6524923616391574
5,1100.0,3.3791633597705797
5,1112.5,3.1509040779189847
5,1125.0,2.977067700317098
5,1137.5,2.8703033970486453
5,1150.0,2.845597795492344
5,1162.5,2.9182378260462802
5,1175.0,3.101678272693187
5,1187.5,3.4071825912302285
5,1200.0,3.846340797227243
5,1212.5,4.435908656027144
5,1225.0,5.204138691422609
5,1237.5,6.199332094432553
5,1250.0,7.503939332486556
5,1262.5,9.26219926730023
5,1275.0,11.741698416422665
5,1287.5,15.490503611287247
5,1300.0,21.82226338316395
5,1312.5,34.850301510658824
5,1325.0,77.39181651985588
5,1337.5,588.3446515610876
5,1350.0,65.1836896689241
5,1362.5,35.527094241936815
5,1375.0,24.8517282303408
5,1387.5,19.336758296991015
5,1400.0,15.958999104495511
5,1412.5,13.671268489609803
5,1425.0,12.014722170155038
5,1437.5,10.756562622958972
5,1450.0,9.766101038320583
5,1462.5,8.964302701664392
5,1475.0,8.300557652830804
5,1487.5,7.740952060239662
5,1500.0,7.261903995942298
5,1512.5,6.846504029220968
5,1525.0,6.482308287288191
5,1537.5,6.159953176075919
5,1550.0,5.87225574430345
5,1562.5,5.613612040002603
5,1575.0,5.379584333557653
5,1587.5,5.166611478295529
5,1600.0,4.971801581910247
5,1612.5,4.792780931040886
5,1625.0,4.627582130319634
5,1637.5,4.474560070307217
5,1650.0,4.3323279660184735
5,1662.5,4.1997080848890445
5,1675.0,4.075693371013833
5,1687.5,3.9594172522488065
5,1700.0,3.850129662398621
5,1712.5,3.7471778337656536
5,1725.0,3.649990786839806
5,1737.5,3.558066711350563
5,1750.0,3.470962627666471
5,1762.5,3.3882858608040647
5,1775.0,3.3096869659373946
5,1787.5,3.234853824297334
5,1800.0,3.1635066889362102
5,1812.5,3.095394006155329
5,1825.0,3.0302888739814997
5,1837.5,2.9679860267588474
5,1850.0,2.908299256471794
5,1862.5,2.8510591983995104
5,1875.0,2.7961114221291594
5,1887.5,2.7433147796421062
5,1900.0,2.6925399707289897
5,1912.5,2.6436682929033988
5,1925.0,2.596590548514431
5,1937.5,2.5512060863292483
5,1950.0,2.5074219585137203
5,1962.5,2.465152177006424
5,1975.0,2.4243170557685922
5,1987.5,2.384842627458815
5,2000.0,2.3466601248034715
5,2012.5,2.309705518372687
5,2025.0,2.273919103656838
5,2037.5,2.2392451313657356
5,2050.0,2.2056314757023916
5,2062.5,2.1730293360903845
5,2075.0,2.141392968444482
5,2087.5,2.1106794425857904
5,2100.0,2.0808484228519597
5,2112.5,2.051861969317444
5,2125.0,2.023684357374302
5,2137.5,1.9962819137158287
5,2150.0,1.9696228669584113
5,2162.5,1.9436772114125982
5,2175.0,1.9184165826300215
5,2187.5,1.8938141435450495
5,2200.0,1.869844480176946
5,2212.5,1.8464835059299631
5,2225.0,1.823708373686716
5,2237.5,1.8014973949209268
5,2250.0,1.779829965241264
5,2262.5,1.7586864956742934
5,2275.0,1.738048349250435
5,2287.5,1.7178977823885002
5,2300.0,1.6982178906228278
5,2312.5,1.678992558355885
5,2325.0,1.6602064122234028
5,2337.5,1.6418447778307002
5,2350.0,1.6238936395156305
5,2362.5,1.60633960293392
5,2375.0,1.5891698602191513
5,2387.5,1.5723721574992109
5,2400.0,1.5559347646051012
5,2412.5,1.5398464467766444
5,2425.0,1.524096438226505
5,2437.5,1.5086744174098357
5,2450.0,1.4935704838790358
5,2462.5,1.478775136595343
5,2475.0,1.4642792535943814
5,2487.5,1.4500740729032233
5,2500.0,1.4361511746281757
5,2512.5,1.4225024641145438
5,2525.0,1.4091201561191773
5,2537.5,1.3959967599067686
5,2550.0,1.3831250652220655
5,2562.5,1.3704981290628204
5,2575.0,1.3581092632221365
5,2587.5,1.3459520225201282
5,2600.0,1.3340201936992053
5,2612.5,1.322307784934389
5,2625.0,1.3108090159136327
5,2637.5,1.2995183084623843
5,2650.0,1.2884302776648204
5,2662.5,1.2775397234580466
5,2675.0,1.2668416226710764
5,2687.5,1.2563311214748525
5,2700.0,1.2460035282264639
5,2712.5,1.2358543066730399
5,2725.0,1.2258790695049704
5,2737.5,1.2160735722279787
5,2750.0,1.2064337073453981
5,2762.5,1.196955498818636
5,2775.0,1.1876350968082359
5,2787.5,1.1784687726566025
5,2800.0,1.1694529141268875
5,2812.5,1.1605840208506648
5,2825.0,1.1518587000057172
5,2837.5,1.1432736621852502
5,2850.0,1.1348257174613234
5,2862.5,1.1265117716316804
5,2875.0,1.1183288226331993
5,2887.5,1.1102739571199425
5,2900.0,1.1023443471940244
5,2912.5,1.094537247281582
5,2925.0,1.0868499911437415
5,2937.5,1.079279989025154
5,2950.0,1.0718247249162531
5,2962.5,1.064481753942646
5,2975.0,1.0572486998609372
5,2987.5,1.0501232526587336
5,3000.0,1.0431031662657633
5,3012.5,1.0361862563436013
5,3025.0,1.0293703981841822
5,3037.5,1.0226535246776813
5,3050.0,1.016033624389429
5,3062.5,1.0095087396781932
5,3075.0,1.003076964920884
5,3087.5,0.9967364447933483
5,3100.0,0.9904853726282236
5,3112.5,0.9843219888256931
5,3125.0,0.9782445793321523
5,3137.5,0.9722514741835716
5,3150.0,0.9663410460984864
5,3162.5,0.9605117091232291
5,3175.0,0.9547619173353171
5,3187.5,0.9490901635890858
5,3200.0,0.9434949783131583
5,3212.5,0.9379749283508904
5,3225.0,0.9325286158430661
5,3237.5,0.9271546771520789
5,3250.0,0.9218517818284545
5,3262.5,0.9166186316077505
5,3275.0,0.9114539594510094
5,3287.5,0.9063565286173206
5,3300.0,0.9013251317667752
5,3312.5,0.8963585900959437
5,3325.0,0.8914557525084678
5,3337.5,0.8866154948093374
5,3350.0,0.8818367189282474
5,3362.5,0.8771183521714899
5,3375.0,0.8724593464969689
5,3387.5,0.8678586778178914
5,3400.0,0.8633153453260805
5,3412.5,0.8588283708390622
5,3425.0,0.854396798171057
5,3437.5,0.8500196925218478
5,3450.0,0.8456961398905328
5,3462.5,0.8414252465015485
5,3475.0,0.8372061382572232
5,3487.5,0.8330379602016386
5,3500.0,0.8289198760038314
5,3512.5,0.8248510674715075
5,3525.0,0.8208307340379165
5,3537.5,0.8168580923336545
5,3550.0,0.812932375696333
5,3562.5,0.8090528337555951
5,3575.0,0.805218731997846
5,3587.5,0.8014293513605497
5,3600.0,0.7976839878265233
5,3612.5,0.7939819520406585
5,3625.0,0.7903225689339424
5,3637.5,0.7867051773642351
5,3650.0,0.7831291297563502
5,3662.5,0.7795937917664835
5,3675.0,0.7760985419464953
5,3687.5,0.7726427714268973
5,3700.0,0.7692258836000457
5,3712.5,0.7658472938204461
5,3725.0,0.762506429109588
5,3737.5,0.759202727870059
5,3750.0,0.7559356396128045
5,3762.5,0.752704624680969
5,3775.0,0.7495091539935881
5,3787.5,0.7463487087935422
5,3800.0,0.7432227803970782
5,3812.5,0.740130869954756
5,3825.0,0.7370724882210965
5,3837.5,0.7340471553288298
5,3850.0,0.7310544005671109
5,3862.5,0.7280937621675726
5,3875.0,0.7251647870984244
5,3887.5,0.722267030863236
5,3900.0,0.7194000573021541
5,3912.5,0.7165634384037307
5,3925.0,0.7137567541145852
5,3937.5,0.7109795921651545
5,3950.0,0.7082315478871802
5,3962.5,0.7055122240502975
5,3975.0,0.7028212306858729
5,3987.5,0.7001581849358514
5,4000.0,0.6975227108848031
5,4012.5,0.6949144394134251
5,4025.0,0.6923330080466238
5,4037.5,0.6897780608068707
5,4050.0,0.6872492480732341
5,4062.5,0.6847462264459722
5,4075.0,0.6822686586066735
5,4087.5,0.6798162131899066
5,4100.0,0.677388564657495
5,4112.5,0.6749853931714084
5,4125.0,0.6726063844727842
5,4137.5,0.6702512297645046
5,4150.0,0.6679196255958809
5,4162.5,0.6656112737490805
5,4175.0,0.6633258811321572
5,4187.5,0.6610631596692076
5,4200.0,0.6588228261989911
5,4212.5,0.6566046023709491
5,4225.0,0.6544082145489118
5,4237.5,0.6522333937119188
5,4250.0,0.6500798753598193
5,4262.5,0.6479473994248746
5,4275.0,0.6458357101782469
5,4287.5,0.6437445561442396
5,4300.0,0.6416736900129403
5,4312.5,0.639622868559959
5,4325.0,0.6375918525624248
5,4337.5,0.6355804067208706
5,4350.0,0.6335882995802975
5,4362.5,0.631615303456172
5,4375.0,0.6296611943582074
5,4387.5,0.6277257519210944
5,4400.0,0.6258087593302417
5,4412.5,0.6239100032559659
5,4425.0,0.6220292737848895
5,4437.5,0.6201663643545365
5,4450.0,0.6183210716878268
5,4462.5,0.616493195731669
5,4475.0,0.6146825395957488
5,4487.5,0.6128889094907007
5,4500.0,0.6111121146725795
5,4512.5,0.6093519673818842
5,4525.0,0.6076082827910555
5,4537.5,0.605880878946241
5,4550.0,0.6041695767180817
5,4562.5,0.6024741997452315
5,4575.0,0.6007945743846536
5,4587.5,0.599130529663977
5,4600.0,0.5974818972279187
5,4612.5,0.5958485112946434
5,4625.0,0.5942302086053746
5,4637.5,0.5926268283830759
5,4650.0,0.5910382122833029
5,4662.5,0.5894642043537769
5,4675.0,0.5879046509875365
5,4687.5,0.5863594008849746
5,4700.0,0.5848283050099251
5,4712.5,0.5833112165529307
5,4725.0,0.5818079908874542
5,4737.5,0.5803184855345404
5,4750.0,0.5788425601233596
5,4762.5,0.5773800763570006
5,4775.0,0.5759308979736061
5,4787.5,0.5744948907114765
5,4800.0,0.5730719222752869
5,4812.5,0.5716618623007688
5,4825.0,0.5702645823260141
5,4837.5,0.5688799557517129
5,4850.0,0.5675078578183329
5,4862.5,0.566148165561932
5,4875.0,0.5648007577993085
5,4887.5,0.5634655150858473
5,4900.0,0.562142319692117
5,4912.5,0.5608310555741053
5,4925.0,0.559531608343634
5,4937.5,0.5582438652430907
5,4950.0,0.5569677151168452
5,4962.5,0.5557030483851305
5,4975.0,0.554449757017769
5,4987.5,0.5532077345097223
5,5000.0,0.5519768758558536
5,5012.5,0.5507570775250623
5,5025.0,0.5495482374397885
5,5037.5,0.5483502549490856
5,5050.0,0.5471630308067763
5,5062.5,0.5459864671489034
5,5075.0,0.5448204674731205
5,5087.5,0.5436649366141153
5,5100.0,0.5425197807249291
5,5112.5,0.5413849072545707
5,5125.0,0.5402602249292578
5,5137.5,0.5391456437299419
5,5150.0,0.5380410748742834
5,5162.5,0.5369464307971125
5,5175.0,0.5358616251326752
5,5187.5,0.534786572694484
5,5200.0,0.5337211894541523
5,5212.5,0.5326653925335353
5,5225.0,0.5316191001741508
5,5237.5,0.5305822317301669
5,5250.0,0.5295547076474584
5,5262.5,0.5285364494465031
5,5275.0,0.5275273797075999
5,5287.5,0.5265274220544107
5,5300.0,0.5255365011388587
5,5312.5,0.5245545426252706
5,5325.0,0.5235814731743986
5,5337.5,0.5226172204300941
5,5350.0,0.5216617130057117
5,5362.5,0.5207148804670206
5,5375.0,0.5197766533197706
5,5387.5,0.5188469629966791
5,5400.0,0.5179257418425006
5,5412.5,0.5170129231038553
5,5425.0,0.5161084409098545
5,5437.5,0.5152122302657577
5,5450.0,0.5143242270387778
5,5462.5,0.5134443679449419
5,5475.0,0.5125725905358224
5,5487.5,0.5117088331908886
5,5500.0,0.510853035099174
5,5512.5,0.5100051362548333
5,5525.0,0.5091650774436339
5,5537.5,0.5083328002289306
5,5550.0,0.5075082469425098
5,5562.5,0.5066913606772712
5,5575.0,0.5058820852742286
5,5587.5,0.5050803653092871
5,5600.0,0.5042861460874422
5,5612.5,0.5034993736327718
5,5625.0,0.5027199946751967
5,5637.5,0.501947956645432
5,5650.0,0.5011832076623399
5,5662.5,0.5004256965227561
5,5675.0,0.4996753726994662
5,5687.5,0.49893218631961544
5,5700.0,0.4981960881718737
5,5712.5,0.49746702968710255
5,5725.0,0.4967449629291634
5,5737.5,0.4960298405910961
5,5750.0,0.49532161598607505
5,5762.5,0.49462024304033547
5,5775.0,0.4939256762846003
5,5787.5,0.4932378708437808
5,5800.0,0.492556782433433
5,5812.5,0.4918823673465435
5,5825.0,0.49121458245438543
5,5837.5,0.4905533851925888
5,5850.0,0.48989873355748187
5,5862.5,0.4892505860961425
5,5875.0,0.4886089019026514
5,5887.5,0.4879736406104591
5,5900.0,0.48734476238500873
5,5912.5,0.48672222791857367
5,5925.0,0.48610599842004554
5,5937.5,0.48549603561500726
5,5950.0,0.48489230173366854
5,5962.5,0.48429475950983814
5,5975.0,0.48370337217071513
5,5987.5,0.4831181034318665
5,6000.0,0.4825389174930639
5,6012.5,0.4819657790341172
5,6025.0,0.4813986532045778
5,6037.5,0.4808375056205623
5,6050.0,0.4802823023606722
5,6062.5,0.47973300995971313
5,6075.0,0.47918959540303546
5,6087.5,0.4786520261231345
5,6100.0,0.47812026999079554
5,6112.5,0.47759429531301273
5,6125.0,0.4770740708304594
5,6137.5,0.4765595657080299
5,6150.0,0.4760507495321136
5,6162.5,0.4755475923074362
5,6175.0,0.47505006444922143
5,6187.5,0.4745581367820208
5,6200.0,0.4740717805345703
5,6212.5,0.4735909673340152
5,6225.0,0.4731156692020008
5,6237.5,0.47264585855195246
5,6250.0,0.47218150818548443
5,6262.5,0.47172259128583066
5,6275.0,0.4712690814135964
5,6287.5,0.4708209525066534
5,6300.0,0.47037817887257466
5,6312.5,0.4699407351892945
5,6325.0,0.4695085964957393
5,6337.5,0.46908173819252785
5,6350.0,0.4686601360366767
5,6362.5,0.46824376613768953
5,6375.0,0.46783260495544354
5,6387.5,0.46742662929691137
5,6400.0,0.46702581631153606
5,6412.5,0.46663014348782095
5,6425.0,0.46623958865294446
5,6437.5,0.46585412996674846
5,6450.0,0.46547374591825025
5,6462.5,0.46509841532457274
5,6475.0,0.4647281173298042
5,6487.5,0.46436283139722173
5,6500.0,0.46400253730799496
5,6512.5,0.46364721516124074
5,6525.0,0.46329684536834453
5,6537.5,0.46295140865205975
5,6550.0,0.4626108860420647
5,6562.5,0.4622752588720404
5,6575.0,0.46194450877956683
5,6587.5,0.46161861770280915
5,6600.0,0.46129756787833426
5,6612.5,0.4609813418373274
5,6625.0,0.4606699224025253
5,6637.5,0.46036329268709925
5,6650.0,0.4600614360915728
5,6662.5,0.4597643363062568
5,6675.0,0.4594719773023899
5,6687.5,0.4591843433356105
5,6700.0,0.4589014189376633
5,6712.5,0.4586231889197723
5,6725.0,0.45834963836721115
5,6737.5,0.4580807526403751
5,6750.0,0.4578165173711056
5,6762.5,0.4575569184597104
5,6775.0,0.45730194207511365
5,6787.5,0.4570515746505802
5,6800.0,0.4568058028857469
5,6812.5,0.456564613741768
5,6825.0,0.45632799444015676
5,6837.5,0.4560959324609746
5,6850.0,0.45586841554370977
5,6862.5,0.4556454316813411
5,6875.0,0.4554269691221545
5,6887.5,0.45521301636633
5,6900.0,0.45500356216672105
5,6912.5,0.45479859552445967
5,6925.0,0.45459810568967096
5,6937.5,0.45440208215865074
5,6950.0,0.45421051467444296
5,6962.5,0.4540233932235279
5,6975.0,0.45384070803498655
5,6987.5,0.4536624495805591
5,7000.0,0.45348860857026746
5,7012.5,0.4533191759581352
5,7025.0,0.4531541429314439
5,7037.5,0.45299350091574614
5,7050.0,0.45283724157352556
5,7062.5,0.4526853568023859
5,7075.0,0.45253783873158365
5,7087.5,0.45239467972504044
5,7100.0,0.4522558723783336
5,7112.5,0.4521214095167911
5,7125.0,0.45199128419668827
5,7137.5,0.4518654897032701
5,7150.0,0.45174401955110205
5,7162.5,0.45162686748025765
5,7175.0,0.45151402745722774
5,7187.5,0.45140549367562127
5,7200.0,0.4513012605542635
5,7212.5,0.4512013227359294
5,7225.0,0.4511056750877748
5,7237.5,0.4510143127002299
5,7250.0,0.4509272308849269
5,7262.5,0.45084442517574874
5,7275.0,0.4507658913289448
5,7287.5,0.450691625321177
5,7300.0,0.4506216233489858
5,7312.5,0.45055588182912676
5,7325.0,0.4504943973975904
5,7337.5,0.45043716690911806
5,7350.0,0.4503841874381404
5,7362.5,0.45033545627566934
5,7375.0,0.4502909709337034
5,7387.5,0.45025072913551434
5,7400.0,0.4502147288290028
5,7412.5,0.45018296817602377
5,7425.0,0.4501554455539311
5,7437.5,0.4501321595564461
5,7450.0,0.4501131089972119
5,7462.5,0.4500982929034848
5,7475.0,0.4500877105209776
5,7487.5,0.45008136130672266
